game_folder,clip,teams_source,detected_teams,jersey_candidates,jersey_vote,jersey_vote_cnt,jersey_vote_total,resolved_person_id,used_vote_first,debug_video_path,torso_crops_dir,clip_id,gt_player_id,event,is_correct
2026-02-03,01.mp4,ocr,"BKN,BOS","3,30,30,30,30,30,30,30,3,30,5,2,65,65,5,55,5,7,38",30,8,19,203543,False,python\analiza\debug_videos\2026-02-03_01_debug.mp4,python\analiza\torso_crops\2026-02-03_01,1,1630573,dunk,False
2026-02-03,02.mp4,ocr,"BKN,BOS","30,88,36,30,88,36,88,30,36",30,3,9,1642849,False,python\analiza\debug_videos\2026-02-03_02_debug.mp4,python\analiza\torso_crops\2026-02-03_02,2,1629008,dunk,False
2026-02-03,03.mp4,ocr,"BKN,BOS","55,88,55,55,88,55,88",55,4,7,1642849,False,python\analiza\debug_videos\2026-02-03_03_debug.mp4,python\analiza\torso_crops\2026-02-03_03,3,1628401,three,False
2026-02-03,04.mp4,,,"08,9,65,3,08,9,3,55,30,08,3,9,65,30,08,3,9,65,06,3,9,55,06,3,9,65,09,3,30,9,55,09,3,30,75,9,09,30,3,15,9,89,30,3,9,30,3,7,9,30,3,9,3,9,3,30,9,38,30,3,9,33,30,9,7,3,30,9,3,9,3,9,3,9,33,30,9,3,9,38,9,3,9,3,3,9,1,3,9,10,3,10,9,3,10,9,10,3,9,10,3,9,10,3,9,3,9,0,3,9,9,9,9,9,9,9,9,9,9,55,9,55,9,55,9,55,55,55,55,55,55,55,9,55,9,55,9,9,55,55,7,9,55,9,55,7,55,2,9,55,2,9,55,2,9,7,9,5,2,9,2,2,9,2,9,2,2,2,2,2,9,3,2,2,7,3,2,38,3,4,8,9,4,3,3,3,3,5,3,5,33,5,3,3,33,33,33,3,3,3,6,3,6,6,88,5,88,88,68,88,8,68,8,6,88,88,88,88,88,88,88,88,88,88,88,30,88,88,88,30,88,30,88,30,88,0,30,88,30,88,30,88,30,88,30,88,88,88,88,88,9,20,88,20,88,9,20,88,9,20,88,9,20,88,9,30,88,20,88,3,6,88,3,18,8,18,8,3,3,18,8,3,3,18,8,9,18,8,30,6,9,15,8,9,18,8,1,9,5,5,3,5,5,5,5,38,9,00,9,80,08,38,93,0,88,0,5,0,88,08,30,08,3,08,00,96,88,98,88,88,88,5,88,5,88,88,88,88,88,88,88,88,9,88,9,88,88,03,88,88,88,04,88,73,88,17,89,10,89,06,83,89,69,28,3,55,3,55,7,66,65,55,9,35,9,35,55,55,55,9,55,9,55,9,55,9,55,55,9,55,9,55,9,55,59,59,59,5,0,9,5,5,0,30,30,30,30,41",9,83,408,,False,python\analiza\debug_videos\2026-02-03_04_debug.mp4,python\analiza\torso_crops\2026-02-03_04,4,1641730,three,False
2026-02-03,05.mp4,ocr,"BKN,BOS","30,55,30,55,30,55,55,30,30,43,55,30,43,30,43,30,43,30,43,30,43,30,43,36,43,3,43,43,43,43,43,43,5,43,5,43,55,43,55,43,15,5,43,15,5,41",43,19,46,78478,False,python\analiza\debug_videos\2026-02-03_05_debug.mp4,python\analiza\torso_crops\2026-02-03_05,5,1631248,three,False
2026-02-03,06.mp4,,,"21,43,9,21,43,9,21,03,9,21,43,9,21,43,9,21,43,21,9,43,21,43,21,9,21,9,43,21,9,21,9,7,21,9,43,21,9,21,21,21,43,21,43,21,43,21,43,21,7,43,21,43,21,7,43,21,21,21,21,21,21,21,21,43,21,43,21,43,21,43,21,43,21,43,21,43,21,43,21,43,21,43,21,21,21,21,21,21,21,21,21,21,21,21,21,21,21,21,21,21,21,21,21,21,21,21,21,21,21,21,21,21,21,55,21,21,55,21,55,21,21,00,21,09,89,08,88,21,21,21,88,21,21,21,21,0,9,2,21,0,21,0,21,0,55,2,5,55,09,0,55,55,55,55,55,5,55,5,45,5,55,5,88,93,83,93,83,93,30,98,98,98,98,98,98,0,98,98,98,98,48,4,98,38,98,38,38,33,31,33,33,3,33,31,33,23,0,38,4,98,3,9,8,30,88,3,88,8,88,30,88,3,88,3,88,3,88,88,3,88,8,3,88,88,3,88,88,88,88,3,88,88,88,88,88,88,80,7,0,7,88,7,88,7,88,7,88,7,88,7,88,88,3,88,7,88,7,28,7,38,8,38,88,88,09,7,78,9,89,18,0,8,88,8,78,8,88,18,8,8,8,21,8,88,8,88,8,8,9,8,8,8,8,8,8,88,8,8,8,8,9,8,9,8,9,78,9,78,9,8,38,9,9,98,38,9,21,88,9,21,78,9,21,21,9,78,21,38,21,98,21,9,98,21,9,98,21,9,98,21,98,9,21,98,9,21,43,98,21,9,43,98,4,21,43,9,98,21,43,9,98,21,43,9,38,21,43,9,36,21,43,36,21,43,38,21,43,36,21,43,36,21,43,36,21,43,36,21,43,36,21,43,36,21,43,38,21,43,38,21,43,0,21,43,38,21,8,43,21,36,43,21,43",21,120,413,,False,python\analiza\debug_videos\2026-02-03_06_debug.mp4,python\analiza\torso_crops\2026-02-03_06,6,1629651,dunk,False
2026-02-03,07.mp4,ocr,"BKN,BOS","2,36,2,2,7,38",2,3,6,203543,False,python\analiza\debug_videos\2026-02-03_07_debug.mp4,python\analiza\torso_crops\2026-02-03_07,7,1628401,three,False
2026-02-03,08.mp4,ocr,"BKN,BOS","7,7,20,30,7,30,7,30,7,30,7,30,7,30,30,30,30,30,30,30,30,30,30,30,30,30,30,30,30,30,30,30,30,30,30,30,30,30,30,30,30,30,30,30,10,36,10,16,10,16,3,3,0,1,33,20,33,30,93,30,30,93,30,23,30,93,30,93,30,93,30,30,23,30,30,30,98,30",30,49,78,2215,False,python\analiza\debug_videos\2026-02-03_08_debug.mp4,python\analiza\torso_crops\2026-02-03_08,8,1629008,dunk,False
2026-02-03,09.mp4,ocr,"BKN,BOS","55,55,55,55,55,55,55,15,5,55,8,55,55,55,3,55,55,55,55,55,45,5,55,55,55,8,55,55,55,55,55,55,55,55,55,55,8,55,55,55,4,3,8,5,5,5,5,55,6,6,6,90,8,96,0,3,8,1,4,55,6,55,3,55,3,55,36,55,36,55,36,55,36,55,36,8,55,36,55,36,55,36,36,55,36,55,36,55,36,55,36,55,36,55,36,55,36,55,36,55,36,55,36,55,36,55,36,55,8,36,55,8,36,55,8,36,55,3,55,36,3,55,36,3,55,36,3,55,36,55,36,55,36,55,36,55,55,55,5,55,5,21,21,21,21,21,21,21,21,21,21,21,21,8,21,8,21,21,21,9,21,8,21,85,8,21,5,9,5,21,8,21,5,8,21,4,21,08,9,21,5,21,21,21,21,21,21,6,33,33,6,21,55,93,21,23,21,21,93,21,93,21,21,21,21,21,21,21,21,4,21,3,3,6,33,8,3,98",55,72,218,2215,False,python\analiza\debug_videos\2026-02-03_09_debug.mp4,python\analiza\torso_crops\2026-02-03_09,9,1631248,three,False
2026-02-03,10.mp4,ocr,"BKN,BOS","36,3,9,36,3,9,36,9,36,33,9,36,33,9,36,33,9,36,33,9,36,33,9,36,33,9,36,33,9,36,33,9,36,33,9,36,9,36,33,9,3,9,33,36,9,3,36,9,41,33,36",36,17,51,78478,False,python\analiza\debug_videos\2026-02-03_10_debug.mp4,python\analiza\torso_crops\2026-02-03_10,10,202696,dunk,False
2026-02-28-HOUMIA,01.mp4,ocr,"HOU,MIA","1,1,1,1,15,8",1,4,6,1642066,False,python\analiza\debug_videos\2026-02-28-HOUMIA_01_debug.mp4,python\analiza\torso_crops\2026-02-28-HOUMIA_01,11,1642263,three,False
2026-02-28-HOUMIA,02.mp4,ocr,"HOU,MIA","15,15,14,15,14,15,14",15,4,7,1642066,True,python\analiza\debug_videos\2026-02-28-HOUMIA_02_debug.mp4,python\analiza\torso_crops\2026-02-28-HOUMIA_02,12,,,False
2026-02-28-HOUMIA,03.mp4,ocr,"HOU,MIA","05,15,5,5,44,2",5,2,6,1642066,False,python\analiza\debug_videos\2026-02-28-HOUMIA_03_debug.mp4,python\analiza\torso_crops\2026-02-28-HOUMIA_03,13,1641708,dunk,False
2026-02-28-HOUMIA,04.mp4,ocr,"HOU,MIA","1,15,15,1,15,1",1,3,6,1642066,False,python\analiza\debug_videos\2026-02-28-HOUMIA_04_debug.mp4,python\analiza\torso_crops\2026-02-28-HOUMIA_04,14,1630558,three,False
2026-02-28-HOUMIA,05.mp4,ocr,"HOU,MIA","99,99,1,99,99,99,99,99,99,99,99,99,99,89,29",99,12,15,1038,False,python\analiza\debug_videos\2026-02-28-HOUMIA_05_debug.mp4,python\analiza\torso_crops\2026-02-28-HOUMIA_05,15,1630558,dunk,False
2026-02-28-HOUMIA,06.mp4,ocr,"HOU,MIA","17,45,45,7,45,7,45,35,17,45,45,45,45,45,45,29",45,10,16,1038,False,python\analiza\debug_videos\2026-02-28-HOUMIA_06_debug.mp4,python\analiza\torso_crops\2026-02-28-HOUMIA_06,16,203952,three,False
2026-02-28-HOUMIA,07.mp4,ocr,"HOU,MIA","0,30,8,8,30,30,30,8,80,32,32,32,3,30,30,30,30,03,0,30,30,30,30,30,8,8,8,8,28,5,28,5,28,15",30,13,34,1642066,False,python\analiza\debug_videos\2026-02-28-HOUMIA_07_debug.mp4,python\analiza\torso_crops\2026-02-28-HOUMIA_07,17,1629639,three,False
2026-02-28-HOUMIA,08.mp4,ocr,"HOU,MIA","29,29,3,3,3,3",3,4,6,1038,False,python\analiza\debug_videos\2026-02-28-HOUMIA_08_debug.mp4,python\analiza\torso_crops\2026-02-28-HOUMIA_08,18,1631171,dunk,False
2026-02-28-HOUMIA,09.mp4,ocr,"HOU,MIA","7,7,8,7,78,76,76,7,8,8,7,7,7,2,2,2,24,24,36,5,4,5,3,4,4,3,4,3,17,3,17,2,17,17,17,3,17,17,17,17,17,17,17,17,3,17,17,17,12,17,17,17,17,17,17,17,17,17,32,3,3,17,17,8,17,37,17,17,17,17,18,3,17",17,33,73,2351,False,python\analiza\debug_videos\2026-02-28-HOUMIA_09_debug.mp4,python\analiza\torso_crops\2026-02-28-HOUMIA_09,19,1630696,three,False
2026-02-28-HOUMIA,10.mp4,ocr,"HOU,MIA","17,22,32,17,22,32,6,17,22,32,17,22,32,17,22,32,7,22,32,22,17,32,17,22,32,17,22,32,17,22,32,32,2,22,32,17,22,32,17,22,32,17,22,32,17,22,32,17,22,32,17,22,32,17,22,32,17,22,32,22,17,32,22,17,32,22,17,32,22,17,32,22,17,32,17,22,32,17,22,32,17,22,32,17,22,32,17,22,32,7,22,32,17,22,32,17,22,32,17,22,17,32,22,32,17,22,32,17,22,32,7,22,32,17,22,11,7,32,22,32,17,22,17,32,22,11,7,32,22,17,32,22,17,32,22,17,32,7,32,22,7,32,22,7,32,22,7,32,22,7,32,22,11,7,32,22,11,7,32,22,11,7,32,22,17,32,22,17,32,22,17,32,22,17,32,22,17,32,22,17,32,22,17,32,22,17,32,22,11,7,32,22,17,32,22,17,32,22,17,32,22,17,32,22,17,32,22,11,7,32,22,17,22,32,17,22,32,17,32,22,17,32,22,17,32,22,17,32,22,7,17,32,22,17,32,22,39,17,32,22,17,32,22,17,32,22,17,32,22,17,32,22,17,32,22,17,32,22,11,7,32,22,17,32,22,17,32,22,11,7,32,22,11,7,32,22,11,7,32,22,17,32,22,11,7,32,22,11,7,32,22,32,17,22,17,32,22,17,32,22,17,32,22,17,32,22,17,32,22,11,7,32,22,17,32,22,17,32,22,11,7,32,22,17,32,22,11,7,32,22,17,32,22,17,32,22,17,32,22,17,32,22,11,7,32,22,11,7,32,22,11,7,32,22,17,32,22,17,32,22,17,32,22,17,32,22,17,32,22,17,32,17,32,22,17,32,22,17,32,22,17,32,22,17,32,22,11,7,32,17,32,22,17,32,22,17,3,22,17,32,22,17,32,22,32,17,22,32,17,22,32,17,22,32,17,22,17,22,2,17,22,2,17,22,9,17,22,9,17,22,1,5,17,22,1,17,1,17,22,1,17,2,17,2,4,22,17,4,22,17,2,4,22,17,4,22,17,4,22,17,4,22,17,4,22,17,17,4,17,9,22,22,17,2,17,22,17,17,22,2,17,72,17,92,17,22,17,72,17,17,22,17,22,17,22,17,22,17,22,17,22,17,17,12,2,17,17,17,17,17,17,17,17,17,17,17,17,17,17,17,17,17,17,17,17,17,17,17,17,17,17,4,24,5,56,24,5,56,5,56,1",17,165,541,,False,python\analiza\debug_videos\2026-02-28-HOUMIA_10_debug.mp4,python\analiza\torso_crops\2026-02-28-HOUMIA_10,20,1642276,dunk,False
2026-03-02-NYKMIL,01.mp4,,,"12,4,8,02,32,92,32,32,32,32,32,32,32,32,12,32,32,32,32,32,32,32,32,3,7,74,1,74,1,74,1,74,1,74,1,74,74,2,7,73,3,3,3,3,3,3,3,3,03,17,9,13,13,13,3,13,8,13,13,13,13,4,13,4,3,13,13,1,13,13,13,13,13,13,13,13,13,13,13,13,0,0,13,4,7,17,4,3,2,3,2,2,3",13,24,93,,False,python\analiza\debug_videos\2026-03-02-NYKMIL_01_debug.mp4,python\analiza\torso_crops\2026-03-02-NYKMIL_01,21,1630578,dunk,False
2026-03-02-NYKMIL,02.mp4,,,"0,25,0,0,25,25,2,0,20,20,0,20,0,15,15,16,16,5,5,5,16,16,15,32,32,32,32,32,37,25,37,37,37,37,35,37,4,3,7,25,3,27,25,3,3,25,37,3,25,35,5,32,32,32,12,12,32,5,32,32,32,32,3,7,0,32,32,3,61,04,6,04,3,2,3,2,2,1,2,2,3,3,2,3,3,7,32,3,3,7,3,2,3,2,3,2,2,2,2,3,3,2,3,3,3,0,5,3,2,2,8,2",3,24,112,,False,python\analiza\debug_videos\2026-03-02-NYKMIL_02_debug.mp4,python\analiza\torso_crops\2026-03-02-NYKMIL_02,22,1631157,three,False
2026-03-02-NYKMIL,03.mp4,,,"2,0,52,2,3,6,15,15,15,15,15,15,3,8,8,8,78,8,78,3,9,4,1",15,6,23,,False,python\analiza\debug_videos\2026-03-02-NYKMIL_03_debug.mp4,python\analiza\torso_crops\2026-03-02-NYKMIL_03,23,1626167,three,False
2026-03-02-NYKMIL,04.mp4,,,"71,71,71,1,71,71,3,3,6,20,20,20,20,20,20,3,3,3,3,3,3,3,3,3,3,3,3,3,3,1,4,3,81,7,2,71,8,02,71,9,32,71,9,92,1,77,18,92,71,8,19,19,18,19,71,9,8,8,1,18,1,10,19,19,2,3,10,43,70,4,4,4,4,4,4,4,6,0",3,18,78,,False,python\analiza\debug_videos\2026-03-02-NYKMIL_04_debug.mp4,python\analiza\torso_crops\2026-03-02-NYKMIL_04,24,1629645,dunk,False
2026-03-02-NYKMIL,05.mp4,,,"0,20,20,0,0,0,20,20,20,20,20,20,20,0,20,20,20,20,20,20,20,0,20,20,0,20,20,20,0,2,0,0,18,1,18,1,18,1,1,1,18,1,18,18,18,0,3,3,3,3,3,3,3,3,3,3,3,3,7,3,3,3,4,3,4,3,7,3,3,3,3,4,4,4,4,4,4,7,7,4,4,7,7,4,4,4,7,8,1,18,18,24,18,24,18,18,24,18,24,18,24,18,24,18,24,18,4,24,18,24,1,18,0,18,4,24,18,24,18,24,18,24,18,0,4,20,20,20,20,20,20,20,0,31",20,28,134,,False,python\analiza\debug_videos\2026-03-02-NYKMIL_05_debug.mp4,python\analiza\torso_crops\2026-03-02-NYKMIL_05,25,1631157,three,False
2026-03-02-NYKMIL,06.mp4,,,"15,15,15,15,15,15,15,15,15,15,15,15,15,15,15,01,15,01,15,15,15,15,15,1,15,15,15,15,15,15,15,15,15,15,15,15,15,22,2,15,15,15,15,15,15,16,16,16,16,16,16,15,15,15,15,15,15,15,15,0,0,01,3,3,3,3,0,0,0,00,00,00,00,00,00,0,0,0,51,0,0,4,15,51,51,51,51,51,51,51,51,15,51,15,51,15,51,15,51,15,51,51,51,51,51,51,51,51,51,51,51,51,51,51,51,51,51,5,5",15,54,119,,False,python\analiza\debug_videos\2026-03-02-NYKMIL_06_debug.mp4,python\analiza\torso_crops\2026-03-02-NYKMIL_06,26,1628973,three,False
2026-03-02-NYKMIL,07.mp4,,,"21,0,0,5,20,0,20,20,20,20,20,2,0,0,20,71,20,1,24,22,4,24,20,20,20,20,24,20,20,2,71,21,71,1,20,20,20,0,71,20,71,20,20,71,24,14,4,24,24,24,24,24,24,24,24,24,24,24,24,24,24,24,24,24,24,4,04,1,71,71,24,24,71,24,24,24,24,24,24,24,24,24,24,24,2,24,9,24,24,24,24,24,23,29,7,24,24,24,24,24,24,9,24,24,24,24,24,24,24,7,9,9,7,21,24,24,24,71,24,24,71,24,24,24,24,24,24,24,24,9,24,9,24,24,9,24,9,24,9,24,4,24,9,24,32,24,92,24,22,32,22,9,32,12,9,9,24,9,24,9,24,22,4,24,32,24,21,4,24,9,22,24,24,21,3,9,24,9,74,9,74,74,32,9,24,24,9,22,74,32,74,24,24,9,2,24,9,24,31,6,9,24,9,24,9,24,00,9,71,24,0,9,2,24,00,9,24,00,4,0,32,4,0,4,0,92,14,8,00,2,14,4,0,14,0,14,0",24,98,237,,False,python\analiza\debug_videos\2026-03-02-NYKMIL_07_debug.mp4,python\analiza\torso_crops\2026-03-02-NYKMIL_07,27,1626171,three,False
2026-03-02-NYKMIL,08.mp4,,,"5,30,5,0,5,5,24,5,5,5,5,5,24,5,24,5,5,5,5,5,24,5,24,5,24,5,24,5,24,5,5,24,24,5,24,5,24,24,5,5,24,24,5,24,5,24,5,24,5,5,24,5,12,4,5,5,5,24,5,5,5,2,5,2,5,5,23,5,2,24,23,5,24,23,5,24,23,5,24,23,24,23,5,24,23,5,24,23,5,24,3,5,4,24,23,5,24,24,5,3,24,5,23,5,24,23,5,24,5,24,15,5,24,5,5,5,5,5,6,65,5,5,5,5,6,5,65,5,5,5,5,5,5,24,5,24,5,24,24,4,24,4,24,24,4,24,2,15,24,2,2,24,2,2,24,2,24,3,3,24,20,2,2,24,32,24,3,24,3,20,24,2,24,7,32,24,32,24,24,32,24,32,24,32,5,24,15,32,24,32,0,24,92,24,32,71,24,32,0,24,92,15,24,92,1,24,92,32,24,00,92,5,32,0,5,5,5,5,24,24,5,5,5,5,5,5,5,5,5,5,5,25,6,5,6,5,62,5,5,16,25,5,25,5,5,5,5,5,52,5,5,79,5,5,2,3,25,5,25,5,25,25,5,25,2,4,5,3,2,62,5,25,2,54,5,54,5",5,111,277,,False,python\analiza\debug_videos\2026-03-02-NYKMIL_08_debug.mp4,python\analiza\torso_crops\2026-03-02-NYKMIL_08,28,1626157,dunk,False
2026-03-02-NYKMIL,09.mp4,,,"29,23,29,0,29,0,23,29,23,23,23,23,5,2,20,20,20,5,5,5,5,5,5,5,5,5,0,5,5,5,0,5,5,5,5,5,5,5,5,5,5,5,5,5,5,5,5,5,5,5,9,9,0,0,00,00,0,00,00,0,0,0,0,00,32,1,2,5,0,2,00,2,0,3,3,00,0,5,0,1,1,0,1,0,1,0,1,5,1,1,1,0,5,1,0,0,5,0,0,0,9,9,0,9,00,0,9,9,9,0,9,0,9,9,9,9,9,9,9,0,9,9,9,9,9",5,37,125,,False,python\analiza\debug_videos\2026-03-02-NYKMIL_09_debug.mp4,python\analiza\torso_crops\2026-03-02-NYKMIL_09,29,1630579,dunk,False
2026-03-02-NYKMIL,10.mp4,logo,BOS,"9,9,71,9,9,9,9,9,9,9,9,9,9,9,15,9,9,13,9,9,9,9,9,1,9,13,9,13,9,9,9,9,13,9,9,13,9,13,3,13,9,13,9,6,13,9,8,2,9,13,9,76,7,13,9,13,9,13,9,13,9,13,9,13,5,9,8,13,9,13,9,2,8,1,9,13,9,13,9,13,9,13,9,13,9,13,9,13,9,8,13,9,13,9,9,13,9,13,9,13,9,13,9,13,24,9,13,9,13,9,13,9,13,9,9,9,9,9,9,13,9,9,9,9,9,35,9,35,35,25,9,9,9,9,9,9,9,13,9,9,13,9,9,13,9,9,9,13,9,9,9,9,24,24,9,24,9,24,9,24,9,13,24,9,13,24,9,13,24,9,30,13,24,9,13,24,9,13,24,9,13,9,13,24,24,9,13,24,9,13,24,9,13,24,9,13,24,9,13,24,13,0,13,24,9,13,24,9,13,24,9,13,24,9,13,24,13,24,13,9,24,13,7,24,13,4,24,13,24,13,17,9,24,13,9,24,8,13,9,24,13,24,9,13,24,9,13,9,13,9,13,9,13,9,13,9,13,9,13,9,13,9,9,13,9,13,9,13,9,13,9,13,9,13,9,13,9,13,9,13,13,9,9,13,9,13,9,13,9,13,9,0,13,9,13,9,13,4,13,9,13,13,4,13,9,13,9,13,9,13,1,9,13,9,0,4,0,9,9,9,0,9,9,9,9,9,5,9,9,3,9,13,4,9,3,5,9,7,9,5,9,5,9,5,9,5,9,5,9,5,9,9,9,9,9,32,9,3,0,9,3,0,9,9,9,9,12,9,9,9,0,9,9,9,0,9,9,9,9,3,9,9,9,9,0,9,9,4,9,9,0,9,9,9,9,13,9,13,4,9,9,04,9,13,04,9,04,9,9,9,9,9",9,210,412,,False,python\analiza\debug_videos\2026-03-02-NYKMIL_10_debug.mp4,python\analiza\torso_crops\2026-03-02-NYKMIL_10,30,1626171,dunk,False
2026-03-03-MINLAC,01.mp4,ocr,"MIN,LAC","5,30,5,30,5,3",5,3,6,1630162,True,python\analiza\debug_videos\2026-03-03-MINLAC_01_debug.mp4,python\analiza\torso_crops\2026-03-03-MINLAC_01,31,1630560,dunk,False
2026-03-03-MINLAC,02.mp4,ocr,"MIN,LAC","9,9,9,9,9,9",9,6,6,1627820,True,python\analiza\debug_videos\2026-03-03-MINLAC_02_debug.mp4,python\analiza\torso_crops\2026-03-03-MINLAC_02,32,1628978,three,False
2026-03-03-MINLAC,03.mp4,ocr,"MIN,LAC","3,45,3,45,3,45",3,3,6,1754,False,python\analiza\debug_videos\2026-03-03-MINLAC_03_debug.mp4,python\analiza\torso_crops\2026-03-03-MINLAC_03,33,1631097,three,False
2026-03-03-MINLAC,04.mp4,ocr,"MIN,LAC","30,30,30,30,30,30,30,30,30,30,30,30,30,30,30,30,30,30,30,30,30,30,30,30,30,30,30,30,30,30,30,30,2,30,2,30,2,30,30,30,30,30,30,30,30,30,30,30,30,30,30,30,30,30,30,30,30,30,30,30,30,30,30,30,30,30,30,30,30,30,30,30,30,30,30,3,30,5",30,73,78,1630162,False,python\analiza\debug_videos\2026-03-03-MINLAC_04_debug.mp4,python\analiza\torso_crops\2026-03-03-MINLAC_04,34,1630183,dunk,False
2026-03-03-MINLAC,05.mp4,ocr,"MIN,LAC","3,3,3,3,3,3,3,3,3,57,3,57,3,5,3",3,12,15,1630162,False,python\analiza\debug_videos\2026-03-03-MINLAC_05_debug.mp4,python\analiza\torso_crops\2026-03-03-MINLAC_05,35,201572,three,False
2026-03-03-MINLAC,06.mp4,ocr,"MIN,LAC","30,30,30,50,30,30,20,30,30,30,30,30,30,30,80,30,3,3,80,30,5",30,14,21,1630162,False,python\analiza\debug_videos\2026-03-03-MINLAC_06_debug.mp4,python\analiza\torso_crops\2026-03-03-MINLAC_06,36,1628978,three,False
2026-03-03-MINLAC,07.mp4,ocr,"MIN,LAC","3,30,30,8,30,3,30,30,30,30,30,3,3,30,3,30,3,30,3,30,3,30,3,30,3,30,3,30,3,30,27,3,30",30,18,33,203497,False,python\analiza\debug_videos\2026-03-03-MINLAC_07_debug.mp4,python\analiza\torso_crops\2026-03-03-MINLAC_07,37,1631097,dunk,False
2026-03-03-MINLAC,08.mp4,ocr,"MIN,LAC","30,27,30,27,30,30",30,4,6,203497,False,python\analiza\debug_videos\2026-03-03-MINLAC_08_debug.mp4,python\analiza\torso_crops\2026-03-03-MINLAC_08,38,1630162,dunk,False
2026-03-03-MINLAC,09.mp4,ocr,"MIN,LAC","5,07,5,2,95,95",5,2,6,1630162,True,python\analiza\debug_videos\2026-03-03-MINLAC_09_debug.mp4,python\analiza\torso_crops\2026-03-03-MINLAC_09,39,1630183,dunk,False
2026-03-03-MINLAC,10.mp4,ocr,"MIN,LAC","5,13,95,5,13,95,5,13,95,1",5,3,10,1630162,True,python\analiza\debug_videos\2026-03-03-MINLAC_10_debug.mp4,python\analiza\torso_crops\2026-03-03-MINLAC_10,40,1642920,dunk,False
2026-03-04-OKCDEN,01.mp4,ocr,"DEN,OKC","23,3,23,5,23,23,5,23,5,23,5,23,27",23,7,13,1627750,False,python\analiza\debug_videos\2026-03-04-OKCDEN_01_debug.mp4,python\analiza\torso_crops\2026-03-04-OKCDEN_01,41,1630245,three,False
2026-03-04-OKCDEN,02.mp4,ocr,"DEN,OKC","8,55,8,55,55,55,8,55,68,55,8,55,8,55,68,55,69,55,68,55,68,55,68,5,8,55,9,55,55,68,55,8,55,68,55,6,55",55,19,37,1863,False,python\analiza\debug_videos\2026-03-04-OKCDEN_02_debug.mp4,python\analiza\torso_crops\2026-03-04-OKCDEN_02,42,1628392,dunk,False
2026-03-04-OKCDEN,03.mp4,ocr,"DEN,OKC","78,78,27,28,27,78,27",78,3,7,1627750,False,python\analiza\debug_videos\2026-03-04-OKCDEN_03_debug.mp4,python\analiza\torso_crops\2026-03-04-OKCDEN_03,43,1631096,three,False
2026-03-04-OKCDEN,04.mp4,ocr,"DEN,OKC","63,68,63,68,68,68,68,8,8,8,3,88",68,5,12,1642505,False,python\analiza\debug_videos\2026-03-04-OKCDEN_04_debug.mp4,python\analiza\torso_crops\2026-03-04-OKCDEN_04,44,1629661,three,False
2026-03-04-OKCDEN,05.mp4,ocr,"DEN,OKC","23,15,23,5,23,68,23,23,23,23,23,15,23,23,23,23,1,23,23,23,23,23,23,5,23,23,5,23,23,5,23,23,5,23,23,23,5,23,23,23,23,68,23,68,23,23,23,68,23,68,23,68,23,15,68,23,68,23,68,23,15,68,23,5,68,23,15,68,23,15,8,23,5,68,23,15,68,23,15,68,23,5,23,23,15,68,23,15,68,23,15,6",23,52,92,1863,False,python\analiza\debug_videos\2026-03-04-OKCDEN_05_debug.mp4,python\analiza\torso_crops\2026-03-04-OKCDEN_05,45,1631128,dunk,False
2026-03-04-OKCDEN,06.mp4,ocr,"DEN,OKC","22,68,68,68,68,68,68,69,69,68,68,68,68,68,68,68,68,68,68,6",68,16,20,1863,False,python\analiza\debug_videos\2026-03-04-OKCDEN_06_debug.mp4,python\analiza\torso_crops\2026-03-04-OKCDEN_06,46,1627750,three,False
2026-03-04-OKCDEN,07.mp4,ocr,"DEN,OKC","6,1,6,1,78,18",6,2,6,1863,True,python\analiza\debug_videos\2026-03-04-OKCDEN_07_debug.mp4,python\analiza\torso_crops\2026-03-04-OKCDEN_07,47,203501,three,False
2026-03-04-OKCDEN,08.mp4,ocr,"DEN,OKC","4,0,60,00,21,21,21,21",21,4,8,,False,python\analiza\debug_videos\2026-03-04-OKCDEN_08_debug.mp4,python\analiza\torso_crops\2026-03-04-OKCDEN_08,48,1628983,dunk,False
2026-03-04-OKCDEN,09.mp4,ocr,"DEN,OKC","60,6,6,6,6,6",6,5,6,1863,True,python\analiza\debug_videos\2026-03-04-OKCDEN_09_debug.mp4,python\analiza\torso_crops\2026-03-04-OKCDEN_09,49,1628983,dunk,False
2026-03-04-OKCDEN,10.mp4,ocr,"DEN,OKC","8,58,56,1,68,68,68,68,68,68,68,68,68,68,68,68,68,68,68,69,69,88",68,15,22,1642505,False,python\analiza\debug_videos\2026-03-04-OKCDEN_10_debug.mp4,python\analiza\torso_crops\2026-03-04-OKCDEN_10,50,1629652,three,False
2026-03-05-LALPHX,01.mp4,,,"15,53,15,53,15,53,15,53,12,5,53,12,15,53,12,15,53,5,53,12,15,53,15,53,15,53,53,12,53,12,53,12,15,53,12,5,53,12,15,53,12,15,5,53,12,5,53,5,12,15,53,12,5,15,53,12,53,5,12,53,15,5,12,5,15,53,12,53,5,15,12,5,53,15,12,53,5,15,12,53,15,5,12,53,5,15,12,53,5,15,12,5,53,15,5,53,15,5,53,15,12,5,59,15,5,53,15,12,5,53,15,12,5,53,15,12,5,53,15,12,5,53,15,12,5,53,5,15,12,5,53,5,15,12,5,53,12,15,5,53,15,12,53,12,15,53,12,15,1,53,12,15,53,15,12,15,53,15,53,15,53,15,53,12,15,12,53,15,53,2,15,12,53,15,12,53,12,53,53,12,15,5,53,12,15,12,53,5,15,12,53,5,15,12,53,5,15,12,53,5,15,53,5,12,53,12,15,53,12,53,5,15,5,5,53,12,5,59,12,53,53,12,59,15,12,53,15,77,53,5,77,59,52,52,15,53,15,5,53,12,5,52,12,5,52,12,5,52,12,5,12,5,12,5,53,12,5,52,5,53,5,52,5,52,5,53,5,53,5,59,5,53,5,52,5,52,5,53,5,53,5,53,5,53,5,53,5,58,5,58,5,53,5,53,5,53,5,53,5,53,79,53,7,53,2,53,2,7,53,53,3,6,53,53,53,53,53,53,53,53,53,53,53,53,53,53,53,53,53,53,53,53,6,53,5,53,53,53,53,53,0,52,6,53,53,0,36,52,0,26,52,0,0,52,6,52,6,53,6,53,6,53,26,53,6,52,6,53,36,12,53,36,63,6,52,26,53,35,53,5,53,36,53,25,12,5,53,53,12,53,12,63,53,12,53,12,12,2,2,2,12,2,12,12,12,12,12,12,12,12,12,2,36,36,03,6,36,0,36,36,36,36,36,24,36,36,36,36,36,36,36,7,72,25,25,36,24,19,3,36,26,49,36,7,2,2,12,77,2,48,2,18,7,74,33,3",53,135,456,,False,python\analiza\debug_videos\2026-03-05-LALPHX_01_debug.mp4,python\analiza\torso_crops\2026-03-05-LALPHX_01,51,1628971,dunk,False
2026-03-05-LALPHX,02.mp4,,,"5,53,53,52,52,52,53,52,52,52,52,53,52,53,52,53,53,53,53,52,53,53,53,53,53,53,53,53,53,53,53,53,53,53,53,53,53,53,53,53,52,53,53,53,53,53,53,53,53,53,53,53,53,53,53,53,53,53,53,53,53,53,53,53,53,53,53,53,53,53,53,53,12,53,12,53,1,15,53,53,5,53,53,5,53,5,53,5,53,5,53,5,53,5,53,5,53,5,53,5,53,53,5,53,53,5,53,15,53,15,53,15,53,53,15,53,5,53,5,53,53,5,53,5,53,5,53,15,53,15,53,15,53,53,15,53,53,53,53,53,23,23,23,23,23,05,23,12,12,15,12,12,12,12,12,23,12,12,23,23,23,15,15,15,15,15,15,12,12,15,15,15,12,15,12,15,12,15,12,15,12,12,15,15,3,15,15,15,15,5,4,5,15,5,12,5,12,15,4,4,4,4,4,15,3,15,12,12,12,12,12,12,12,12,12,12,12,12,12,12,12,12,12,12,12,15,12,12,5,12,15,3,5,5,4,5,4,7,4,15,4,15,15,12,5,12,5,5,5,2,5,5,5,0,4,15,4,4,4,4,0,4,15",53,99,263,,False,python\analiza\debug_videos\2026-03-05-LALPHX_02_debug.mp4,python\analiza\torso_crops\2026-03-05-LALPHX_02,52,1626220,three,False
2026-03-05-LALPHX,03.mp4,,,"77,5,77,5,36,77,5,5,36,77,5,36,77,5,36,77,5,36,5,36,5,36,36,36,36,36,36,36,36,36,36,1,5,72,5,4,12,5,4,12,12,12,12,12,12,12,12,12,12,12,12,2,12,12,12,12,12,12,12,12,36,5,36,4,36,36,36,36,36,36,36,36,36,36,36,36,23,23,23,23,23,23,23,1,23,0,23,4,23,7,5,4,15,23,23,23,36,23,36,23,23,36,23,36,15,23,2,5,36,23,15,36,23,6,4,36,23,36,23,36,23,36,23,36,23,36,36,23,36,23,36,23,36,23,36,7,36,23,36,23,5,4,36,23,6,36,23,36,23,23,36,23,36,4,36,23,4,36,23,23,36,36,23,5,23,36,23,8,36,23,36,5,23,36,23,36,36,23,36,23,36,23,36,23,5,5,23,23,36,5,36,36,36,36,36,36,36,36,36,26,6,15,15,5,5,15,5,5,5,5,5,5,5,5,5,5,5,5,5,5,5,4,5,5,3,82,02,2,28,7,3,8,72,83,5,8,38,3,5,86,8,48,5,86,8,48,5,5,5,72,42,1,5,80,2,5,5,98,3",36,77,259,,False,python\analiza\debug_videos\2026-03-05-LALPHX_03_debug.mp4,python\analiza\torso_crops\2026-03-05-LALPHX_03,53,2544,dunk,False
2026-03-05-LALPHX,04.mp4,,,"2,2,2,8,4,8,0,0,12,12,8,38,0,12,12,12,12,12,12,12,12,12,12,12,12,12,12,12,12,12,12,2,12,12,12,12,12,12,12,2,12,12,12,12,12,12,12,12,12,12,12,12,12,12,12,12,0,12,0,12,12,12,12,12,12,12,12,12,12,12,12,12,12,12,12,12,12,12,12,12,12,12,12,12,12,12,12,12,12,12,12,12,12,12,12,12,12,12,77,77,77,77,77,77,77,12,12,12,12,12,12,5,5,77,5,77,5,77,89,77,77,77,77,77,77,77,77,77,5,77,5,77,77,77,77,77,77,77,77,77,77,77,17,7,77,76,77,5,77,8,5,77,52,5,57,77,27,5,27,76,5,27,5,77,77,5,5,12,12,5,2,12,12,12,12,12,5,12,77,12,5,77,12,12,12,23,12,23,77,12,77,12,77,12,77,08,23,12,77,77,12,77,12,77,77",12,108,205,,False,python\analiza\debug_videos\2026-03-05-LALPHX_04_debug.mp4,python\analiza\torso_crops\2026-03-05-LALPHX_04,54,1631109,dunk,False
2026-03-05-LALPHX,05.mp4,,,"22,22,3,3,3,72,52,34,22,5,5,5,5,2,5,2,5,5,5,2,5,5,5,5,5,5,5,5,5,27,27,22,22,5,2,48,2,2,5,5,5,5,5,5,5,5,5,5,5,5,5,5,5,5,15,15,05,1,11,13,1,1",5,34,62,,False,python\analiza\debug_videos\2026-03-05-LALPHX_05_debug.mp4,python\analiza\torso_crops\2026-03-05-LALPHX_05,55,1642346,three,False
2026-03-05-LALPHX,06.mp4,,,"4,23,23,23,23,23,23,23,23,23,23,23,23,23,23,23,23,23,23,23,23,23,23,23,23,23,23,23,23,23,23,23,12,3,23,12,3,23,23,32,3,23,62,3,0,0,10,10,10,10,10,10,10,10,10,10,10,10,10,10,10,10,4,10,0,23,23,23,23,23,10,23,23,23,0,23,23,0,23,23,23,23,23,23,23,23,23,23,23,23,23,2,8,1,2,2,9,50,0,29,2,6,2",23,58,103,,False,python\analiza\debug_videos\2026-03-05-LALPHX_06_debug.mp4,python\analiza\torso_crops\2026-03-05-LALPHX_06,56,1630559,dunk,False
2026-03-05-LALPHX,07.mp4,,,"12,12,12,77,72,17,12,8,77,12,77,77,12,77,12,77,12,77,12,77,12,77,12,77,12,77,77,77,77,12,72,12,77,12,72,12,72,12,72,12,77,12,77,12,77,12,77,12,02,77,12,77,12,77,12,77,12,77,12,77,12,3,77,12,3,77,12,3,1,72,3,72,72,12,12,12,72,77,77,77,72,72,77,77,77,77,77,77,17,17,77,77,77,17,77,77,77,12,12,12,6,12,12,2,12,77,2,77,12,12,12,77,77,12,12,12,12,12,12,12,12,12,12,12,12,12,12,12,12,12,12,12,12,2,2,2,12,12,12,12,51,12,53,12,53,12,53,12,12,12,12,12,12,12,12,12,12,12,12,12,51,12,77,12,77,77,12,12,77,12,77,12,77,12,77,12,77,12,12,77,77,12,77,12,12,27,12,77,12,77,12,77,12,77,12,77,12,77,77,77,77,77,77,77,77,7,5,5,5,5,5,5,5,5,5,5",12,101,216,,False,python\analiza\debug_videos\2026-03-05-LALPHX_07_debug.mp4,python\analiza\torso_crops\2026-03-05-LALPHX_07,57,2544,dunk,False
2026-03-05-LALPHX,08.mp4,,,"28,42,73,1,7,44,24,24,3,53,53,53,57,62,57,52,52,52,52,52,52,52,52,52,77,52,77,52,77,52,77,30,52,77,52,77,77,52,77,52,77,77,77,52,52,77,52,77,77,52,77,52,52,77,52,77,52,77,53,77,52,77,53,77,53,77,52,77,53,77,53,77,53,27,77,53,77,77,53,72,7,53,77,63,77,53,77,53,77,53,53,53,63,63,53,53,53,53,77,53,77,53,77,53,77,53,77,53,77,53,77,53,27,53,77,53,77,53,77,77,77,77,77,77,77,77,77,77,77,77,77,77,77,77,77,77,77,77,77,77,77,77,77,77,77,8,27,47,77,8,77,87,11,77,57,1,77,1,77,1,77,1,77,1,77,11,77,77,1,77,1,77,1,77,11,77,1,77,1,77,41,77,77,33,77,13,77,2,77,77,77,3,3,77,77,77,77,77,77,77",77,98,200,,False,python\analiza\debug_videos\2026-03-05-LALPHX_08_debug.mp4,python\analiza\torso_crops\2026-03-05-LALPHX_08,58,1629029,three,False
2026-03-05-LALPHX,09.mp4,logo,BOS,"5,5,5,5,5,5,5,5,5,5,5,5,5,5,5,15,5,5,15,5,77,77,5,77,77,77,0,77,77,27,77,20,77,2,77,2,77,2,77,77,20,27,20,27,20,77,0,27,0,77,2,71,20,71,20,71,20,71,20,21,20,22,0,0,20,22,0,22,0,72,0,20,20,20,20,20,20,5,20,5,20,5,20,5,20,5,20,20,20,20,20,20,20,20,20,20,20,20,20,20,3,20,53,20,53,20,5,20,53,20,53,53,20,5,20,5,20,53,20,53,20,53,20,53,20,53,20,53,20,53,20,53,20,5,20,20,20,5,20,53,20,53,20,5,20,20,53,20,53,20,5,20,20,53,20,53,53,53,53,53,53,5,5,53,53,53,53,53,53,53,52,53,53,12,0,53,20,53,20,53,20,53,20,58,20,58,20,58,20,58,20,58,20,53,20,58,20,53,20,38,20,58,20,53,20,20,20,20,20,20,20,20,20,20,20,20,20,20,20,20,20,20,20,53,20,20,53,20,53,20,53,20,20,20,20,53,20,53,20,51,20,53,20,53,20,53,20,53,20,53,20,53,20,53,20,53,20,53,20,53,20,20,20,53,20,53,20,20,53,3,20,5,20,20,53,53,20,53,20,20,53,20,53,20,53,20,20,20,20,20,20,20,20,20,53,20,53,20,20,20,20,20,20,11,20,20,20,53,20,53,20,53,20,20,20,53,20,53,20,20,20,20,53,20,20,20,20,53,20,20,53,20,53,20,20",20,168,335,203543,False,python\analiza\debug_videos\2026-03-05-LALPHX_09_debug.mp4,python\analiza\torso_crops\2026-03-05-LALPHX_09,59,1642345,dunk,False
2026-03-05-LALPHX,10.mp4,logo,BOS,"20,20,0,20,20,98,20,20,28,2,20,28,28,20,28,20,28,2,12,0,12,12,28,28,12,12,12,28,12,28,28,12,28,12,28,12,0,28,12,28,12,2,28,28,12,28,12,28,12,28,20,12,12,12,12,28,12,8,12,12,12,12,12,12,12,12,12,20,20,12,12,12,12,12,20,12,28,20,12,20,12,12,20,28,12,20,98,20,12,28,20,12,28,20,12,0,20,12,20,12,20,12,20,12,28,20,12,12,20,12,20,20,28,12,28,20,12,20,12,28,20,12,28,20,12,8,20,12,8,20,12,28,20,12,28,20,12,28,20,12,8,20,12,20,12,08,20,12,8,20,12,8,20,12,28,2,12,28,0,12,8,0,12,28,0,12,28,12,28,12,28,12,28,12,12,12,2,28,12,28,12,2,12,2,12,2,12,28,12,28,12,2,12,28,12,8,12,12,12,2,12,12,2,12,28,12,2,12,28,12,2,28,12,12,12,12,12,98,12,12,12,12,12,12,12,12,28,12,12,12,12,12,28,12,12,12,12,12,12,12,12,12,20,12,12,20,20,12,12,70,20,20,12,12,20,20,12,20,12,12,20,20,88,20,38,20,38,20,38,20,28,28,20,12,38,20,38,12,88,12,2,12,38,12,38,12,38,12,38,20,12,38,20,12,38,20,28,12,28,12,28,3,28,12,28,12,28,12,28,12,28,12,28,28,12,28,12,28,12,28,12,28,28,20,28,20,72,28,28,12,28,28,12,28,28,28,28,12,12,12,12,28,12,12,1,12,28,0,12,28,7,7,0,12,12,5,12,12,12,12,12,12,12,12,12,12,15,7,82,12,12,12,12,12,2,12,72,7,2,12,12,12,22,12,32,12,12,8,12,2,5,12,2,25,12,2,35,2,20,12,2,37,12,2,2,75,12,5,20,12,3,6,20,12,12,12,9,2,4,12,2,12,20,12,20,12,20",12,196,427,1629674,False,python\analiza\debug_videos\2026-03-05-LALPHX_10_debug.mp4,python\analiza\torso_crops\2026-03-05-LALPHX_10,60,1628960,three,False
2026-03-06-DALMEM,01.mp4,,,"49,45,45,45,45,45,05,4,5,0,05,45,0,05,5,45,05,45,05,45,45,45,45,27,45,2,0,45,45,45,45,45,45,45,45,45,45,4,45,4,49,45,45,4,4,45,4,49,45,45,49,42,49,49,45,4,45,4,45,49,45,45,4,45,49,4,49,4,49,49,49,49,49,45,49,45,45,0,2,0,48,45,45,45,45,45,45,0,45,2,45,3,2,10,0,0,10,10,10,0,2,10,0,10,0,10,0,3,1,1,2,10,10,8,10,10,1,0,10,0,0,0,0,0,00,10,0,0,10,0,0,0,0,10,0,0",45,46,136,,False,python\analiza\debug_videos\2026-03-06-DALMEM_01_debug.mp4,python\analiza\torso_crops\2026-03-06-DALMEM_01,61,1628960,three,False
2026-03-06-DALMEM,02.mp4,,,"1,7,7,3,13,45,1,18,18,18,18,18,18,18,18,18,18,18,18,18,18,18,18,18,18,13,13,13,5,4,1,4,4,5,0,04,04,24,04,24,14,24,3,4,3,4,20,20,20,0",18,18,50,,False,python\analiza\debug_videos\2026-03-06-DALMEM_02_debug.mp4,python\analiza\torso_crops\2026-03-06-DALMEM_02,62,1630590,dunk,False
2026-03-06-DALMEM,03.mp4,,,"0,00,00,00,00,00,00,00,00,00,00,00,00,00,0,8,4,16,1,7,3,2,1,0,0,0,0,0,0,0,0,3,3,13,13,13,18,13,18,18,13,18,18,18,18,18,18,18,18,18,18,18,18,18,18,18,93,18,93,18,93,18,93,18,18,18,93,18,93,18,18,0,18,18,18,18,10,18,18,10,18,10,18,10,18,10,18,10,18,18,18,18,10,18,10,18,10,18,10,18,10,18,10,18,10,18,18,18,18,18,18,18,18,18,18,18,18,18,18,18,18,18,9,18,18,18,18,18,18,18,18,18,1,21,21,21,21,21,21,21,2,21,21,21,21",18,73,145,,False,python\analiza\debug_videos\2026-03-06-DALMEM_03_debug.mp4,python\analiza\torso_crops\2026-03-06-DALMEM_03,63,1630314,three,False
2026-03-06-DALMEM,04.mp4,,,"8,8,8,8,8,8,8,8,74,8,74,8,8,8,8,8,8,8,8,74,8,74,8,74,8,74,74,8,74,74,8,74,8,74,8,74,8,74,74,74,8,14,74,74,14,74,14,74,74,74,74,74,74,74,74,74,14,74,74,74,74,14,74,74,74,74,74,74,74,74,8,24,8,74,74,24,4,24,20,8,12,0,74,2,11,20,24,0,24,20,24,74,74,74,74,74,24,2,2,2,74,74,74,74,22,74,22,8,74,74,74,74,74,74,74,74,22,74,74,74,14,22,14,4,74,4,4,74,74,74,74,4,74,4,4,22,24,22,14,22,14,22,14,74,24,14,2,1,4,14,74,74,14,14,14,14,14,74,74,74,14,2,74,14,74,74,74,74,74,14,74,74,74,74,20,20,74,20,74,20,74,20,20,74,20,74,74,22,14,74,20,20,20,14,14,74,74,74,20,74,74,74,74,22,20,24,2,20,24,2,20,74,22,74,22,74,22,20,74,2,74,32,74,3,74,32,74,32,74,32,74,2,74,22,74,32,24,32,74,32,74,32,74,32,74,32,74,32,74,32,74,32,74,32,74,32,74,32,74,3,74,3,74",74,124,263,,False,python\analiza\debug_videos\2026-03-06-DALMEM_04_debug.mp4,python\analiza\torso_crops\2026-03-06-DALMEM_04,64,1630590,dunk,False
2026-03-06-DALMEM,05.mp4,,,"45,0,74,21,45,20,74,21,45,0,21,45,0,14,45,20,74,45,20,21,74,45,20,14,45,20,74,45,20,14,45,20,45,0,74,45,20,45,20,24,45,20,74,21,20,74,21,21,45,20,74,45,20,74,45,45,20,21,74,20,24,45,20,74,45,20,24,45,20,45,21,74,20,45,24,21,20,45,74,21,45,20,74,45,20,74,45,20,74,21,45,20,24,45,20,74,45,20,74,45,20,31,24,20,45,14,20,45,24,20,45,24,20,45,74,0,1,45,24,20,65,2,74,20,21,1,24,45,20,21,24,30,45,20,21,74,4,20,21,74,4,20,21,24,20,74,20,20,21,20,21,14,20,21,20,4,20,24,20,74,20,74,20,74,20,74,20,24,20,24,20,74,20,74,20,74,20,74,20,74,20,74,6,20,74,3,20,3,74,20,3,74,20,74,45,20,74,20,24,20,5,20,74,15,20,74,20,74,20,74,20,74,20,74,14,20,74,20,74,20,74,20,74,20,74,20,74,20,74,20,74,20,74,32,20,74,20,74,20,74,20,32,74,20,74,32,32,20,74,20,74,32,20,74,32,20,24,4,20,74,20,74,32,20,74,20,74,20,74,20,74,20,65,24,20,45,74,20,74,45,20,45,32,74,20,45,24,32,20,14,5,74,20,45,24,45,20,74,04,5,20,74,32,20,74,5,65,20,14,32,15,20,14,32,20,74,15,20,74,32,20,24,32,20,74,32,20,74,1,20,74,20,14,1,20,74,5,20,14,1,20,14,2,20,74,1,20,74,20,74,20,24,1,20,24,20,24,20,74,20,74,20,74,20,74,20,74,20,74,20,24,20,20,74,20,74,20,20,20,24,20,74,20,14,20,74,20,24,20,74,20,24,20,24,0,74,74,74,24,24,2,74,32,30,32,74,74,74,32,74,3,74,8,74,74,74,21,3,32,3,24,3,74,21,74,21,74,21,74,21,74,21,21,74,21,74,74,21,21,21,21,21,21,21,21,74,21,74,74,21,74,21,21,74,21,21,74,21,74,21,21,74,21,24,21,74,21,74,21,74,21,74,21,74,21,45,74,21,74,21,74,21,74,21,74,30,21,74,74,21,24,74,21,74,21,74,74,70,74,74,74,74,74,74,21,74,74,2,74,74,74,74,74,2,74,74,21,74,21,74,74,2,74,2,74,2,74",74,160,527,,False,python\analiza\debug_videos\2026-03-06-DALMEM_05_debug.mp4,python\analiza\torso_crops\2026-03-06-DALMEM_05,65,1642358,dunk,False
2026-03-06-DALMEM,06.mp4,,,"74,74,74,74,24,74,74,74,74,74,74,74,24,24,74,74,24,74,74,74,74,24,74,24,24,24,24,24,20,74,74,14,24,14,74,74,24,74,74,74,74,74,74,74,74,74,74,74,74,74,74,74,74,74,74,74,74,74,74,74,74,74,74,74,74,74,74,74,74,74,74,74,74,74,74,74,74,5,74,74,74,74,74,74,74,74,74,74,74,74,74,74,74,74,74,74,74,74,74,74,74,74,74,74,74,74,74,74,74,74,74,74,74,74,74,74,74,74,74,74,74,74,74,74,74,74,74,74,74,74,74,74,74,74,74,74,74,74,74,74,74,74,74,74,74,74,74,74,74,74,74,74,74,74,74,74,74,74,74,74,74,0,74,14,74,0,74,30,74,30,74,74,74,74,30,74,30,74,74,74,74,74,30,74,30,74,30,74,30,74,30,74,74,30,74,30,74,74,74,30,74,30,74,30,74,30,74,30,74,30,74,74,74,30,74,74,30,24,30,74,30,24,30,74,74,30,24,30,74,30,74,30,74,30,74,30,74,30,74,74,74,74,74,74,74,10,74,10,74,10,74,10,74,10,74,10,74,10,74,3,10,74,30,30,10,74,3,10,74,30,3,1,74,30,10,74,30,10,14,30,10,14,30,10,14,30,14,30,10,30,14,14,30,05,14,10,30,45,5,14,30,05,1,14,05,51,10,30,51,14,30,74,30,14,05,30,05,74,05,74,10,74,45,45,74",74,211,325,,False,python\analiza\debug_videos\2026-03-06-DALMEM_06_debug.mp4,python\analiza\torso_crops\2026-03-06-DALMEM_06,66,1626140,three,False
2026-03-06-DALMEM,07.mp4,,,"6,93,33,83,30,30,30,30,30,30,45,30,5,5,1,65,65,5,5,1,5,65,5,14,4,14,14,14,14,14,14,14,93,14,93,6,14,63,65,45,93,93,93,93,93,93,93,93,93,65,93,6,65,93,21,65,93,65,93,5,93,93,5,93,93,93,93,93,93,5,93,45,93,93,93,93,65,93,93,93,93,93,05,93,93,65,93,04,5,93,5,93,93,21,93,93,93,21,93,93,5,93,45,45,16,5,93,94,5,93,45,93,5,5,5,45,45,45,5,45,45,45,45,45,45,45,45,45,45,45,45,14,45,45,5,45,45,14,45,45,45,45,45,45,14,45,45,45,15,15,15,15,15,14,5",93,49,155,,False,python\analiza\debug_videos\2026-03-06-DALMEM_07_debug.mp4,python\analiza\torso_crops\2026-03-06-DALMEM_07,67,1642383,dunk,False
2026-03-06-DALMEM,08.mp4,,,"32,32,0,32,32,22,0,22,32,0,22,10,32,32,32,32,10,0,22,10,22,32,10,32,32,32,32,64,32,8,64,32,8,64,32,64,32,64,32,64,64,64,32,10,32,64,64,64,64,32,64,4,32,32,0,32,00,22,0,2,0,2,00,00,00,00,32,0,2,22,0,2,0,2,0,2,64,0,2,10,64,2,0,2,0,64,2,5,2,5,2,10,2,10,2,0,0,2,2,0,2,0,2,22,0,2,0,2,2,8,22,64,2,64,64,64,0,2,2,8,2,2,2,5,22,5,22,4,0,5,22,3,5,22,32,2,15,32,0,15,32,00,32,32,00,8,15,00,32,15,32,15,8,15,8,15,15,15,15,32,15,15,32,15,32,15,64,15,15,64,0,15,15,32,00,15,00,15,00,00,00,32,00,00,32,00,32,0,32,0,0,32,32,00,32,32,32,32,3,2,2,2,00,00,0,2,0,3,0,0,32,0,94,00,00,00,00,00,00,00,0,2,2,14,2,0,2,23,2,14,2,0,2,3,2,14,00,2,2,0,2,3,0,00,32,0,0,0,2,3,00,32,0,0,3,00,84,2,00,3,00,0,3,00,0,3,0,00,64,0,0,0,0,84,0,84,0,84,0,0,0,84,0,64,00,0,2,0,2,00,0,3,64,00,3,64,00,64,00,0,32,64,0,0,64,0,64,00,0,32,32,00,0,0,00,32,32,0,00,32,0,00,32,0,00,32,64,0,00,32,00,32,0,00,32,00,32,1,00,32,64,0,32,00,32,64,00,0,32,64,00,32,00,32,00,32,64,00,32,64,00,64,0,00,64,72,64,64,10,64,72,00,64,64,32,05,64,0,0,32,64,32,64,00,32,32,32,00,0,0,00,64,00,64,00,14,00,14,00,00,64,00,64,00,64,00,14,00,14,00",0,77,410,,False,python\analiza\debug_videos\2026-03-06-DALMEM_08_debug.mp4,python\analiza\torso_crops\2026-03-06-DALMEM_08,68,,three,False
2026-03-06-DALMEM,09.mp4,,,"64,22,64,2,64,64,5,64,64,64,64,64,2,22,32,3,3,32,3,24,33,3,24,32,33,32,33,24,32,64,24,32,64,24,32,24,24,24,24,24,49,32,24,49,24,49,24,32,49,24,49,1,24,45,24,24,45,24,32,45,64,24,45,64,24,45,64,24,45,64,24,45,32,24,45,32,24,45,32,64,24,45,32,24,45,32,24,32,24,32,45,24,32,45,32,24,45,32,24,45,32,24,45,32,45,32,45,32,49,32,24,45,32,45,32,64,45,32,45,32,45,32,64,49,32,64,45,32,64,49,32,64,49,32,64,45,32,64,24,45,32,64,24,32,49,24,32,45,24,32,24,64,32,45,24,64,32,45,24,32,49,24,45,32,24,49,32,24,32,49,24,24,32,24,32,45,24,45,32,24,45,32,7,5,24,32,24,32,24,32,24,32,24,45,32,24,32,24,32,32,24,32,24,32,24,32,32,64,24,32,64,24,45,32,24,00,10,32,24,45,00,10,32,24,32,45,64,24,32,64,45,24,32,64,2,32,45,64,24,32,45,2,45,64,24,32,45,64,2,45,64,32,45,24,64,45,64,32,45,64,45,64,45,64,45,64,5,64,64,45,64,32,45,64,32,45,64,32,0,10,45,64,32,45,64,32,45,64,32,45,5,10,64,32,45,10,64,32,45,5,10,64,32,5,10,45,32,64,64,45,32,5,32,4,64,32,45,64,32,45,64,32,45,64,3,32,45,4,31,32,45,64,26,32,4,24,45,22,64,45,32,64,5,45,3,64,45,22,5,64,45,32,5,64,5,64,22,4,22,4,64,32,64,32,64,32,64,32,64,32,64,32,4,32,4,32,64,32,4,32,64,32,64,32,64,32,4,32,4,64,4,32,64,32,4,32,32,4,4,32,32,4,64,32,32,64,64,32,64,32,64,32,64,32,64,32,64,32,64,32,64,32,64,32,64,32,64,32,64,32,64,32,64,32,64,64,32,64,32,64,32,64,64,64,64,32,64,32,64,32,64,32,64,32,64,32,64,32,64,32,64,32,64,32,64,32,64,32,64,32,00,64,00,32,64,32,00,64,32,64,32,64,18,32,64,32,64,32,64,32,64,18,32,64,32,64,32,64,32,64,32,4,32,4,32,64,64,32,64,82,64,32,64,82,64,32,64,32,64,8,64,82,64,82,64,4,64,64,32,64,64,64,64,82,64,64,64",32,165,537,,False,python\analiza\debug_videos\2026-03-06-DALMEM_09_debug.mp4,python\analiza\torso_crops\2026-03-06-DALMEM_09,69,1641765,dunk,False
2026-03-06-DALMEM,10.mp4,,,"10,22,22,22,22,22,22,22,10,10,22,10,22,10,22,22,22,22,22,13,13,13,13,13,13,13,13,13,13,13,13,13,93,93,2,93,2,2,2,22,2,93,22,22,93,2,93,22,93,93,93,2,93,93,93,2,93,22,93,22,93,22,93,22,93,22,93,93,93,93,93,22,23,23,29,29,10,0,10,0,21,14,21,21,21,0,1,0,33,33,2,2,2,2,13,93,9,3,33,92,24,24,93,93,33,24,93,93,93,93,93,93,93",93,32,113,,False,python\analiza\debug_videos\2026-03-06-DALMEM_10_debug.mp4,python\analiza\torso_crops\2026-03-06-DALMEM_10,70,1642285,three,False
