PERSON_ID,JERSEY_NUMBER,TEAM_ABBREVIATION
2546,7,LAL
1642379,1,GSW
201571,4,LAL
1630542,38,PHI
1631116,23,LAC
76112,34,SAC
1641878,7,CHA
203382,46,DET
203461,24,MIN
1629048,35,ORL
76191,11,SAC
76209,19,GSW
762,44,DAL
1628515,13,ORL
1631232,null,NOP
359,52,CLE
1627759,7,BOS
76291,31,DAL
76293,21,SAC
76318,24,DET
76336,21,DEN
76356,3-5,PHI
1472,24,OKC
203565,null,UTA
928,21,GSW
902,12,MIA
1641879,null,GSW
76436,45,PHX
203496,33,PHI
1630595,2,DET
76509,11,NYK
76531,32,LAC
1627098,5,ATL
76553,42,NYK
725,5,SAS
76003,33,LAL
76019,31,WAS
680,13,ORL
1626251,26,SAC
204067,31,WAS
251,32,SAS
1630623,10,BKN
1629234,19,SAC
76703,45,HOU
76721,4,GSW
1902,10,IND
76759,17,SAC
76779,12,GSW
1904,19,LAL
1921,2,UTA
76839,15,ATL
81,20,MIL
76886," ",GSW
76910,45,IND
76954,32,POR
1626149,5,PHI
2239,44,MIN
76988,15,BOS
1628987,15,OKC
77032,14,LAL
1106,35,DAL
1967,55,CHA
77071,35,CLE
77076,6,SAS
77089,10,DET
77101,24,PHX
2544,23,LAL
2639,31,ORL
202707,12,BOS
77156,10,LAC
77158,null,HOU
77171,34,DET
77200,22,PHI
2736,9,CHI
203476,41,SAS
76590,13,DET
77293,23,PHX
77320,5,SAC
1630228,1,GSW
77334,54,LAL
287,55,UTA
736,42,WAS
1629155,18,DET
77425,7,NYK
77443,16,BOS
200806,52,MIL
193,17,NYK
1628769,6,BKN
1629667,2,NOP
77546,17,WAS
77574,null,BAL
77596,42,DET
77613,15,NYK
1642349,25,OKC
376,00,DET
1631111,9,DET
132,50,GSW
1630530,25,NOP
2436,6,OKC
77691,42,POR
201193,35,CHI
1641936,0,BOS
1717,41,DAL
77751,10,DET
1628400,37,LAC
77772,23,PHI
1626224,16,SAS
77820,5,CHI
202354,45,MIA
1627850,40,NYK
204001,8,ATL
77214,40,BKN
1630283,50,LAL
1118,7,CHA
735,50,MEM
2047,55,LAC
914,53,LAC
1631223,45,TOR
78016,42,LAC
78031,32,CHA
78069,15,SAC
78146,12,IND
1631301,30,CHA
78184,10,PHI
1642449,35,DET
78219,24,WAS
78220,35,CLE
78221,null,HUS
1629034,26,PHX
2779,10,HOU
600009,2,NYK
78226,12,BOS
1629016,14,GSW
1642285,24,MEM
280,50,MIN
78230,null,PRO
201168,47,SAS
84,8,GSW
1630531,11,NOP
78235,null,JET
711,42,DET
78238,9,NYK
78240,19-21,AND
1630191,28,DET
1628464,10,NOP
201574,1,SAC
1631166,26,LAL
1641772,35,CLE
1643018,18,GSW
1626643,00,PHI
1642389,null,MIN
77843,9,NYK
1539,2,WAS
1629686,91,IND
380,34,LAL
1628372,4,DAL
2226,1,MEM
2443,25,WAS
203480,31,NOP
2776,9,TOR
78222,34,DAL
78223,16,NYK
78225,15,SAC
78227,20,SAC
771,27,LAC
1630311,61,GSW
78231,17,CHI
78232,27,SAC
78233,35,LAL
78234,null,JET
1756,10,CLE
78237,20,BOS
78239,15,UTA
201155,2,DET
78294,43,LAL
1630679,55,IND
78352,4,ATL
78372,35,OKC
201987,30,OKC
1630492,6,MIL
78435,25,PHI
201611,5,NYK
78438,15,WAS
78454,22,PHI
2248,17,OKC
420,55,BKN
1642443,17,MIA
1642050,44,GSW
2422,25,SAC
78100,31,DET
76005,5,GSW
76006,6,PHI
76007,null,PIT
203518,8,OKC
1630173,9,SAC
101165,3,LAC
76008," ",NYK
76010,24,HOU
203112,13,SAC
76011,33,PHX
76012,10,DET
200801,8,BKN
1629121,10,ATL
76111,null,BOM
76171,11,GSW
76255,12-15,NYK
202221,43,DEN
76407,null,WAT
76470,15,BOS
76690,null,PIT
2347,5,MIA
202238,4,MIA
1641747,14,DEN
77112,null,BOM
77234,null,WAS
1630253,30,MEM
77889,null,GSW
78019,null,NYK
78148,null,HUS
78214,null,SHE
78492,50,BOS
1630762,null,PHI
78514,4,GSW
786,21,NYK
201944,55,BKN
112,10,POR
1460,42,LAL
51,1,DEN
1505,9,SAC
949,3,MEM
1628389,13,MIA
76015,5,POR
202399,12,CHA
201167,4,DEN
1630534,30,TOR
200772,13,DAL
76016,7,DAL
201336,2,MIA
76017,22,BOS
201582,42,NOP
76018,10,NYK
203006,10,DAL
1629152,44,DEN
202374,50,TOR
76020,24,DET
1630583,7,MEM
203128,19,PHI
202332,45,NYK
200746,21,BKN
76021,50,GSW
1626146,34,POR
724,12,SAS
2042,32,WAS
76022,16,CLE
201570,20,MIL
1629734,17,MIA
1641725,23,NOP
1630234,0,PHX
2349,9,GSW
1629638,7,ATL
76024,4,DAL
1628959,20,CHI
76028,50,GSW
1628960,8,PHX
278,2,ATL
149,23,DEN
203500,12,HOU
912,7,BKN
76027,42,MIL
2124,35,MIA
76025,33,SAC
951,34,MIL
1641851,null,MEM
2754,9,MEM
76029,22,GSW
200984,41,CLE
76030,32,DAL
201165,21,UTA
308,21,PHI
1747,11,HOU
1824,43,SAC
1630631,15,NOP
732,18,MEM
202329,5,POR
200811,17,PHX
76034,18,NYK
2365,7,DEN
2431,11,HOU
101187,9,BKN
202079,8,OKC
76035,26,LAL
76036,33,POR
1507,1,POR
76037,20,DEN
944,42,NYK
246,0,SAS
202341,5,SAS
76040,21-23,IND
1626147,10,IND
72,13,BKN
76041,42,POR
203937,2,UTA
76043,11,UTA
706,53,IND
1628443,0,NYK
202730,5,IND
1000,49,NYK
335,35,SAS
76048,21,SAC
101149,15,CLE
76049,12,NYK
1628387,13,IND
76050,54,ORL
1512,22,DAL
203507,34,MIL
1628961,37,CHI
203648,43,MIL
1630175,50,MIL
21,50,NYK
201202,30,MIA
203544,6,ATL
1628384,8,NYK
203951,15,ORL
2737,55,TOR
76053," ",ATL
76054,1,SAC
2425,34,TOR
1627853,51,NYK
76055,34,BOS
2240,10,WAS
2772,8,LAL
76056,11,GSW
76057,53,SAC
769,11,CHI
76061,19,GSW
2220,1,BKN
353,10,ORL
76060,3,DET
76059,14,CHI
76062,15-18,DET
76045,35,POR
76046,35,PHI
201583,31,NOP
76065,12,MIL
1628503,0,ORL
201600,3,NOP
355,22,OKC
173,2,MIA
76068,null,BAL
76069,7,NYK
1088,17,DET
76070,16,GSW
76071,null,DEF
200788,40,ORL
1134,9,MIA
76073,34,WAS
76074,34,DET
76078,20,PHX
1630555,17,WAS
202970,14,NOP
201965,19,SAS
1629028,5,LAL
101235,4,GSW
1628962,27,PHX
203569,52,BOS
202337,22,NOP
76079,00,CLE
76080,17,BOS
1628407,8,LAL
1630641,41,CHA
76081,10,NYK
2053,11,CHI
76082,5,CLE
1628963,35,WAS
1641735,10,BKN
76064,21-30,SAC
2306,45,ORL
201589,00,DEN
1753,11,PHX
203946,41,CHI
1858,3,TOR
2486,12,POR
76089,null,CHS
1627758,31,NYK
452,34,OKC
1627735,2,MEM
200764,32,NYK
76090,44,LAC
1630163,1,CHA
1628366,2,CLE
76091,42,WAS
76092,null,BOM
1628964,5,TOR
1631094,5,ORL
1630217,3,ORL
76093,20,SAS
2556,15,BOS
76094,51,NYK
76095,42,IND
1630625,5,DAL
1627760,5,ATL
76096,25,ATL
2571,19,PHX
76097,25,DAL
200826,5,DAL
200745,77,TOR
76098,null,INO
76099,6,ATL
787,34,PHI
2057,1,POR
76102,17,BOS
1631230,25,PHI
203084,40,SAS
76103,30,HOU
76083,20,HOU
76085,2,OKC
1847,41,UTA
76107,12,NYK
76106,33,GSW
76108,11,ATL
76109,10,OKC
76110,8-15,INO
76113,19,SAC
2857,11,HOU
76114,23,BOS
1629628,9,TOR
2853,30,MIA
344,null,BOS
699,17,OKC
1003,10,ATL
468,20,MIL
600013,24,GSW
76117,null,WAS
76118,20,GSW
203115,1,TOR
101188,13,CHI
76119,44,PHI
101138,30,BOS
1628238,null,PHX
76120,21,BKN
1629646,28,MEM
1766,9,IND
2370,14,DEN
76121,35,POR
1641734,21,PHI
101212,11,ATL
2471,33,MEM
1499,4,BOS
2203,31,MEM
1642419,77,TOR
174,10,ATL
200841,6,ATL
76104,27,LAC
2440,22,LAC
1630567,4,TOR
2437,35,CHI
201573,8,MIL
76127,22,LAL
76128,5,ATL
203145,9,SAC
1629647,26,UTA
76129," ",ATL
203078,0,LAC
76130,9,NYK
76131,null,INO
2602,24,MIA
1627736,5,DET
201563,8,MIA
76133,31,ATL
201958,3,DAL
1630699,0,PHI
76134,40,DEN
1133,15,CHA
76136,12,GSW
76137,null,DEF
76138,0,DET
1641736,4,ORL
76139,6,PRO
76140,12,SAC
76141," ",ATL
201158,18,SAS
2294,34,MIL
76142,46,NYK
1628395,7,CHI
1952,19,PHX
2559,3,MEM
76143,15,NYK
76144,8,ATL
1627761,95,MIL
76145,26,ATL
76146,5,CHI
201587,33,LAC
76125,14,CHI
76126,null,CLR
1736,25,CHI
1120,5,PHI
712,24,LAL
76151,52,IND
76148,25,CHA
76152,30,CLE
128,21,UTA
202728,34,GSW
76154,54,DET
1627791,42,DAL
76155," ",ATL
76156,18,NYK
1631262,14,MIN
76157,34,SAC
76158,6,SAS
1629541,9,NOP
202722,9,CHA
76159,1,CHI
696,6,IND
201976,21,MIL
1630180,41,NOP
1630189,2,HOU
204021,32,SAC
76160,24,PHI
76161,null,HUS
76162,10-15,PHI
1710,20,SAC
76163,12,PHX
2740,15,GSW
76164,18,DET
76165,32,SAC
76166,21,DET
76167,50,POR
203920,24,SAS
1628444,26,BOS
1886,9,IND
203968,null,UTA
104,00,LAC
202357,8,GSW
76172,33,DAL
1641710,0,ORL
76173,21,DET
1641778,12,CHA
76174,null,DET
204028,28,LAL
76175,24,OKC
76176,22,DAL
76180,30,LAL
76177,30,OKC
1806,8,BOS
76179,3,SAS
201971,45,SAS
2581,22,POR
202392,15,HOU
1628469,9,CHI
200807,8,DET
76182,15,NYK
76183,21,DET
76184,17,CHI
101154,0,WAS
302,10,ATL
202339,5,POR
1629833,21,POR
76186,null,INO
76187,35,HOU
76188,11,BAL
1628417,4,CLE
916,44,CHI
1548,15,BOS
203505,12,BOS
1629129,5,UTA
76189,22,CHI
76190,5,GSW
2800,15,LAL
76170,12,BKN
1641931,17,CHI
202687,18,SAS
177,14,CHA
101106,12,MIL
1564,41,LAC
1629626,11,PHX
76195,1,WAS
1628413,43,PHI
1629716,12,GSW
76196,null,BAL
1630195,9,UTA
1627762,21,UTA
76197,8,DET
76203,33,WAS
1641737,30,PHI
76198,30,HOU
1603,20,UTA
1629648,18,ORL
1121,10,PHX
1629067,17,TOR
76201,21,BOS
41,33,SAC
2588,15,SAS
1626164,1,PHX
511,5,GSW
202344,20,WAS
200767,2,BKN
76204,24,SAC
1916,52,OKC
1522,22,CHI
76206,20,SAC
2430,5,UTA
2414,22,UTA
76207,15,GSW
1953,11,OKC
76210,12,NYK
2547,1,MIA
1643052,31,BKN
1631205,27,DET
2586,4,ORL
203992,10,LAC
1628449,99,BOS
1630547,2,CHA
2257,44,POR
1631123,17,PHX
76214,13,DET
1898,6,ATL
1477,12,SAS
1763,40,DEN
1628968,10,IND
194,13,ORL
76217,31,BKN
1085,11,PHI
1629065,12,GSW
76219,17,NYK
671,24,ATL
76221,11,DET
76222,4,PHI
76223,33,UTA
1863,6,DEN
76224,16,WAT
76225,6,BKN
76226,22,ATL
202342,33,PHI
76227,33,WAS
76228,30,NYK
76229,22,HOU
202340,20,LAL
76233,24,NYK
76230,30,BOS
76231,22,IND
76232,null,CHS
2214,5,TOR
1628396,13,IND
1361,50,PHI
66,33,MIN
1765,32,HOU
76212,4,WAS
76213,33,BOS
1631103,8,WAS
76238,18,BOS
76239,52,IND
76240,22,PHI
76241,15,ATL
76242,10,PHX
76243,4,NYK
1631128,0,DEN
1629649,17,ORL
160,15,HOU
2452,9,BOS
76245,15-16,NYK
76246,14,GSW
76247,45,MIL
201147,13,MIN
2249,2,IND
76248,8,CLE
76249,10,POR
200758,11,UTA
2056,9,CHA
76250,7,DET
783,34,MIL
76252,2,MIL
76253,32,ATL
1641779,15,BOS
1628969,25,NYK
1628970,0,CHA
76254,8-16,BOS
1628578,37,DEN
76256,40,OKC
1629052,12,PHI
76257,23,SAS
76258,31,HOU
76259,12,DET
76260,40,SAS
76237,1,POR
1882,42,LAC
210,7,CLE
1627763,15,NYK
76263,7,MIL
76264,17,JET
201166,30,HOU
1629717,1,BKN
1628415,3,PHX
76265,43,DEN
202705,8,BKN
76266,35,LAC
418,2,HOU
2810,44,OKC
1626148,3,LAL
76284,null,DN
201628,8,SAC
1628971,11,DEN
2245,25,PHI
76270,null,BAL
244,7,BOS
200793,11,UTA
201974,4,CHA
2484,32,NOP
2081,52,MIA
76272,32,OKC
76273," ",LAL
1871,4,PHX
76275,null,DEF
203913,15,LAL
76276,32-52,ATL
2208,5,BOS
1631112,10,BOS
1641738,24,LAC
2198,54,WAS
76278,null,CLR
76279,4,WAS
203485,4,TOR
992,20,POR
1631167,null,NOP
201972,40,MIL
1629151,45,DAL
136,93,NOP
753,0,CHI
76282,24,UTA
76283,31,GSW
76286,35,DET
200769,26,LAL
76285,14,GSW
1628425,0,LAL
2357,10,LAL
76268,21,MIL
1630535,36,DAL
1629718,4,CHA
1630602,38,ATL
1628972,7,DET
76287,null,DN
76288,21,BKN
1628973,11,NYK
1594,9,POR
1627852,9,DAL
1629091,3,MIL
76289,7,NYK
76290,22,PHI
977,24,LAL
95,9,POR
1628418,3,CLE
76292,12,LAC
1629783,null,MEM
76294,24,LAL
1761,7,DAL
76296,25,MIL
76297,10,NYK
201978,10,HOU
76298,19,BAL
146,30,CHI
1641723,4,LAL
1479,52,UTA
1629650,10,DEN
76277,34,MIN
76302,17,DET
76303,14,NYK
2469,11,PHX
203504,3,DAL
76304,21,CHI
202692,18,MIA
2766,1,MEM
101207,12,CHA
76305,16,OKC
76306,null,SHE
76307,5,DEN
76308,53,SAC
76309,6,CHI
197,2,CHA
76311,15,ATL
675,5,BOS
76313,50,SAC
1629126,30,OKC
76314,34,NYK
416,9,MIA
76316,15,GSW
76317,10,PHX
76319,20,NYK
2406,31,WAS
202364,1,SAS
76320,45,NYK
2866,45,NYK
1630215,12,PHX
348,32,WAS
2446,8,NOP
202710,10,GSW
1631219,21,POR
202779,20,DET
1641824,14,CHI
201182,34,SAS
101115,17,LAL
672,50,HOU
76300,30,NYK
76301,null,BAL
76324,35,PHI
203998,5,HOU
1629719,18,POR
679,35,CHI
262,45,OKC
1631288,8,ORL
76326,13,PHI
201979,12,MEM
101181,81,TOR
154,45,HOU
76328,23,NYK
76329,27,ATL
203484,3,MEM
76331,3,ATL
76330,10,PHX
76332,7,LAL
76333,null,PRO
76334,4,SAC
76335,null,PRO
1641739,33,POR
76337,30,DAL
948,23,DEN
1630267,7,DAL
922,41,LAL
76338,9,MIN
203477,0,PHI
1629962,30,ORL
76339,14,PHI
203991,30,HOU
202382,45,LAL
2073,35,MEM
1630176,13,UTA
76340,10,WAS
76341,null,CHS
2367,4,POR
76376,40,PHX
76321,11,IND
76322,12,NYK
76323,null,PIT
76345,18,LAL
200760,25,PHI
76346,10-15,DET
156,55,ATL
76348,34,CLE
713,43,MIN
1757,21,CHI
76350,34,POR
76351,30,BOS
76352,30,BKN
1642267,7,WAS
201960,9,ATL
76353,2,GSW
2679,33,CHA
1131,40,MIL
1853,25,MIA
76355,12,IND
1642269,22,SAC
76357,12,DET
76358,32,DEN
76359,null,DN
1628975,5,CHI
2466,5,NOP
76360,35,NYK
76361,13,LAL
1713,15,TOR
1628976,34,ORL
203487,11,ORL
1630618,3,TOR
76362,24,NYK
76363,52,LAL
1627936,9,OKC
76364,45,DET
208,28,MIL
1642264,5,SAS
76343,35,OKC
1642382,15,OKC
76344,15,LAL
1509,26,HOU
76368,45,UTA
1626161,00,PHI
1628505,3,ORL
190,4,SAC
1628463,34,ATL
76370,40,NYK
1629958,null,IND
1630608,20,DET
76,23,PHX
1911,20,LAL
76373,15,PHI
2763,0,LAC
201596,6,MIA
76374,24,PHX
76375,13,GSW
1630577,30,SAS
1630551,9,WAS
76378,41,OKC
1631113,1,PHI
2199,6,NYK
201163,21,DEN
76379,12,BOS
76380,null,SHE
364,3,PHX
76382,25,NYK
76383,44,LAC
1629147,31,CHA
384,40,WAS
1629597,45,NOP
76385,10,PHI
76386,15,WAS
203805,null,CLE
76387,33,HOU
432,24,MEM
76365,42,MIL
767,33,WAS
76367,43,SAC
76391,11,PHI
1642279,22,TOR
76392,9,CLE
1627737,35,DAL
76393,9,NYK
76394,18,SAC
76395,31,ATL
1642353,12,LAC
57,13,SAC
1631108,00,DAL
202091,25,PHX
1626176,25,IND
203902,6,OKC
1630528,8,MIA
1631321,91,POR
76397,11,PHI
76398,40,BOS
201947,55,ORL
1629109,12,NOP
203546,2,GSW
1641740,22,MIN
1721,13,DEN
1629634,15,MEM
1626262,63,BOS
203903,00,NYK
1628492,8,DAL
201964,18,POR
1127,51,BOS
1629651,33,BKN
2049,12,GSW
76402,35,CLE
2043,24,DET
76403,40,OKC
1629598,3,HOU
76404,24,NYK
719,12,POR
164,null,NYK
1629185,2,BKN
76408,3,NYK
76409,33,BOS
1629599,17,MIL
76410,33,MIN
76411,11,NYK
715,51,WAS
202708,30,MIA
76412,51,PHI
934,44,BKN
76413,12,UTA
76414,11,SAC
76415,45,LAC
1642268,8,UTA
2044,40,ATL
76418,12,WAS
76421,20,PHI
1530,32,LAC
2260,20,UTA
2215,98,BKN
76419,22,CHI
1628381,20,LAC
200776,25,NYK
202395,11,CHA
1628380,12,CHI
1627858,8,DAL
201954,2,LAL
2555,4,OKC
76422,18,NYK
1629045,50,MIL
2173,3,HOU
306,5,WAS
1628435,null,POR
76425,34,IND
76426,22,BKN
76427,52,WAS
76428,5,BOS
76406,14,GSW
1569,33,LAC
1641730,21,BKN
76431,7,GSW
76432,11,BOS
101215,10,HOU
76433,38,DEN
76434,5,NYK
76438,null,SHE
2567,43,LAL
201161,14,MIA
76435,1,BKN
76437,30-52,BOS
2241,1,POR
1626188,28,SAC
1629076,25,CHI
1628429,4,NOP
76439,14,SAC
76440,10,CLE
1641645,12,WAS
204022,45,UTA
76442,6,BOS
1030,10,LAL
76443,53,LAC
76444,21,LAL
1630536,13,WAS
76441,42,DEN
76446,30,SAS
203142,22,IND
76447,45,NYK
76448,21,PHI
895,23,ATL
76451,null,CLR
76452,4,PHI
1627822,21,DEN
76453,42,CHI
76454,21,PHI
1627856,10,SAS
203955,8,UTA
76429,7,PHI
55,40,MIL
1626192,21,CHA
1641741,14,PHI
76458,31,LAL
76459,5,PHI
1432,40,PHX
202408,50,UTA
202326,4,DEN
600003,14,BOS
76462,18,BOS
76463,32,WAS
76464,25,WAS
76465,41,GSW
203459,33,POR
1628470,12,BOS
1544,4,ATL
76466,15,LAL
1642384,27,HOU
2037,1,LAC
201621,5,NYK
202348,27,WAS
1628249,55,BKN
76468,24,ATL
2343,11,PHX
76471,14,ATL
76472,12,PHX
201159,8,WAS
76473,7,ATL
76474,41,MIL
76475,12,SAC
1506,44,IND
76476,38,LAC
76477,41,OKC
76478,40,GSW
76479,4,GSW
180,22,UTA
76481,31,BKN
1526,4,OKC
76457,41,GSW
1641731,0,WAS
1629600,null,POR
76483,50,MIL
187,35,MIL
1907,5,GSW
76487,32,PHI
201967,33,NOP
76485,19,MIL
203099,9,CLE
1061,51,BKN
76488,44,DAL
76489,null,PRO
940,35,DET
223,15,DET
76492,15,SAC
2201,34,CHI
201191,20,LAC
688,12,DET
203552,31,GSW
201939,30,GSW
687,8,DEN
76505,14,SAC
1642359,4,NYK
76496,16,GSW
76497,20,CHI
2223,24,PHI
76498,12,GSW
956,25,GSW
76499,null,SAS
76500,10,MIL
1498,22,SAS
1630700,5,ATL
2845,15,SAC
1380,24,SAS
2605,6,DAL
76502,34,BKN
203109,99,SAC
1630622,17,ORL
1629633,23,ORL
76507,null,DN
212,33,BKN
1630268,30,LAC
76511," ",ATL
203540,70,DET
921,43,CLE
1600,9,CHI
201176,33,CHA
76514,11,SAC
203561,20,PHI
203076,3,DAL
213,34,IND
76515,null,BOM
1884,85,CHA
989,43,PHX
76538,null,CHS
76533,11,POR
76516,15,DAL
76517,23,MIN
76518,22,WAS
76519,null,POR
905,34,IND
1627738,21,MEM
76521,42,CLE
202334,21,CLE
76522,20,MIL
1023,15,OKC
201175,0,BOS
76523,23,CLE
93,44,NYK
76524,6,SAC
76525,20,ATL
76526,16,IND
1631098,1,WAS
2668,23,PHI
293,54,LAC
390,5,MIA
1642368,12,ATL
76504,4,UTA
200781,40,LAC
76532,25,WAS
1729,31,CLE
76534,42,LAC
1629056,3,SAC
426,54,DAL
1629093,34,OKC
76536,12,GSW
1453,6,PHX
1631120,4,HOU
203958,24,MIA
76539,50,PHI
1008,12,PHI
76541,31,UTA
1626183,22,LAC
201286,18,SAS
76542,45,SAC
103,11,MIL
201948,3,DET
76543,20,WAS
1630620,5,HOU
201986,3,SAS
76545,22,DET
692,55,ORL
1629602,12,MIL
76551,21,ATL
201942,10,SAC
76562,10,ATL
76544,33,UTA
1630466,6,OKC
203473,14,PHI
76546,44,DET
143,24,LAC
76548,null,PRO
1626214,31,NOP
76593,null,PRO
76528,null,MIL
76529,31,NYK
76530,null,NYK
1629116,31,LAC
960,00,PHX
203521,8,SAC
76552,34,DET
76556,33,SAC
76557,null,BAL
1641926,38,DAL
1642484,10,ATL
202458,7,TOR
76558,34,ATL
76559,25,OKC
1629094,32,GSW
76560,3,NYK
76561,13,DET
76568,7,LAC
1628978,0,MIN
1631217,14,CHA
1629603,21,PHX
1760,13,SAS
1627767,14,MIA
1628977,6,WAS
2564,33,SAS
200821,9,DEN
200799,1,LAC
1641711,1,TOR
2424,10,ATL
2079,45,BKN
1722,8,MEM
76564,40,GSW
76565,23,BOS
101143,27,IND
1631172,13,OKC
76566,18,SAC
76567,25,SAS
76569,9,CLE
219,8,SAS
183,8,DEN
2568,10,DET
76576,20,SAC
203915,26,CHA
101113,50,GSW
2205,2,DAL
76577,42,DET
76578,4,ATL
124,21,LAL
2413,12,WAS
1059,19,POR
76580,null,DN
1720,51,ORL
76581,null,BAL
76582,19,BOM
76583,54,DAL
76584,12,BOS
76586,1,NYK
76585,16,NYK
1629029,77,LAL
2039,55,LAC
76587,34,OKC
201595,8,HOU
1628416,22,DAL
1629652,5,OKC
1630245,11,CHI
1628422,21,NYK
1629653,3,WAS
200763,5,SAC
76588,42,SAC
76589,13,LAC
428,11,BOS
201962,16,NYK
201604,55,BKN
1629635,45,LAL
76592,44,DET
202220,22,PHX
76570,null,DEF
76571,null,WAS
76575,23,CHI
1628408,35,MIN
76596,23,CHA
201609,31,MIL
204054,12,MIA
1068,50,IND
1630929,77,CHI
1724,17,HOU
76598,22,ATL
76599,10,SAC
203580,1,PHI
17,22,POR
1041,27,BOS
76603,7,MIL
76604,52,DAL
203083,1,PHI
76623,21,WAS
1630537,3,CHI
1642505,88,OKC
76605,10,SAC
404,00,POR
76607,5,GSW
201,14,POR
201162,10,PHX
76608,40,DET
76609,17,CHS
76610,null,DET
2768,21,CHI
1630561,7,PHX
76611,23,DET
247,4,DET
30,7,PHX
434,7,DAL
76615,21,SAC
1495,21,SAS
2399,34,GSW
1630288,11,PHI
76595,14,DET
1628495,14,BKN
76618,23,DEN
2648,12,DET
201142,7,HOU
1631105,0,DET
76619,44,UTA
76621,17,IND
76622,33,SAC
1628979,0,MIL
76624,19,LAL
76625,35,PHX
76626,5,ATL
202406,11,NOP
289,21,WAS
76628,24,SAC
768,55,BOS
76630,6,PHI
203921,11,NYK
1631106,17,HOU
76631,53,UTA
76632,22,UTA
202365,3,LAL
76633,6,DET
76634,44,DET
2569,44,MIN
1630693,12,WAS
76635,41,NYK
76636,12,DET
76637,null,IND
1641744,14,MEM
76638,10,SAS
721,2,SAC
1630162,5,MIN
76646,40,PHI
898,30,UTA
1629035,4,DET
2451,34,NOP
1627739,8,LAC
76617,19,GSW
1642346,0,PHX
1642399,14,MIN
2823,54,ATL
1642348,11,PHI
1630556,20,DEN
236,21,MIA
1630306,null,OKC
202197,null,CLE
1629053,12,HOU
76647,21,WAS
76648,null,BOM
76649,14,BOS
378,3,CLE
76651," ",ATL
458,10,UTA
1918,14,ATL
2064,11,CHI
76653,14,BOS
53,17,HOU
1629604,16,MIN
76655," ",NYK
1627740,13,DET
201961,2,LAL
76656,54,BKN
76658,30,LAL
76664,31,DEN
107,9,OKC
1677,3,LAC
76661,31,GSW
1631165,23,SAC
111,3,DEN
1034,28,CHA
76663,25,LAL
101145,11,GSW
442,29,WAS
600010,44,BKN
1922,16,DEN
76641,10,PHI
229,53,IND
76643,3,LAC
2765,14,MEM
76669,null,CLR
76670,50,GSW
76671,43,DEN
76672,14,WAS
76673,2,DEN
76674,15,POR
76676,3,CHI
203119,24,DET
76675,14,PHX
76677,10,BOS
203898,10,LAL
203516,11,DEN
76678,32,GSW
201623,9,BOS
76679," ",LAL
76680,14,LAL
76681,6,PHI
1915,00,BKN
76682,null,JET
76683,4,TOR
76687,null,INO
967,11,ORL
76685,null,DET
1628980,12,GSW
1628393,8,LAC
202379,6,UTA
2230,6,ATL
76686,5,DEN
2501,30,OKC
201936,12,SAC
1641787,12,NYK
101137,3,LAC
121,33,NYK
203957,0,DAL
2408,4,CHA
203954,21,PHI
76668,15,SAC
1629605,99,CLE
76692,8,GSW
202702,35,DEN
76693,22,PHI
200770,4,LAL
2824,33,OKC
76695,22,OKC
76694,12,ATL
1108,8,GSW
76696,null,CLR
203543,38,BOS
202324,15,HOU
201174,20,LAC
76697,17,GSW
76698,null,WAS
76699,7,PHX
994,14,BKN
76701,22,LAL
76702," ",BAL
1627770,22,CLE
1626245,6,CHI
101230,16,OKC
76704,14,NYK
101109,2,CHA
76705,6,DET
76706,7,BOS
2724,5,POR
1628390,23,OKC
201164,5,POR
1628981,24,TOR
76707,45,BOS
76708,22,ATL
76709,32,POR
273,33,ATL
1627812,11,SAC
203105,31,GSW
76689,10,BAL
76691,33,LAL
1829,null,MEM
76713,54,MIL
202361,2,NYK
76714,20,PHI
1642271,22,UTA
76715,34,NYK
76716,29,BOS
76717,7,GSW
1627827,2,HOU
900,50,LAC
965,6,LAL
2809,4,MIA
1630238,8,LAC
76720,10   12,HUS
76719,null,HUS
2033,21,CHI
1641745,14,SAS
76722,30,OKC
76723,50,LAL
313,10,IND
2784,12,GSW
76725,23,CLE
1642280,9,CHI
76726,12,HOU
201938,3,MIN
1630201,18,SAS
76727,44,IND
76728,44,NYK
76729,7,NYK
76731,12,GSW
1631323,0,MIA
202880,54,NOP
1627854,6,MIN
201814,3,DEN
1630758,12,ORL
76732,8,OKC
76712,12,DET
198,35,CLE
201178,44,UTA
1630259,31,SAC
76736,1,SAC
101213,null,PHX
726,1,OKC
2551,5,IND
76738,22,LAL
76739,35,PHX
1630235,2,ATL
2218,40,OKC
202622,9,HOU
1504,21,DEN
76740,5,PHI
323,43,UTA
76742,10,PHX
1630701,35,PHI
2238,6,MEM
203095,31,DET
76744,14,DET
76745," ",ATL
1628368,4,SAS
76746,7,LAC
76747,40,OKC
296,17,LAL
200751,2,MIN
1502,31,GSW
2499,14,OKC
1883,3,HOU
76748,32,GSW
76749,null,PIT
203479,22,MEM
1629606,22,ORL
204025,10,CLE
76750,10,NYK
76751," ",GSW
201242,3,ATL
76733,42,DET
76734,35,LAL
76735,33,OKC
2092,null,PHX
76753,21,CLE
202683,11,BOS
200777,19,POR
76754,20,LAL
1642402,25,MIN
76755,23,MIL
76756,26,PHI
1631241,0,TOR
2782,null,NOP
76757,4,NYK
76758,7,NYK
76760,8,BAL
101112,9,PHX
76761,25,POR
76762,null,HUS
1641788,17,DAL
76763,null,BAL
76764,10,GSW
2673,15,ATL
76765,null,DET
1628365,20,SAC
1444,51,SAC
1641847,null,DEN
76767,25,CLE
1642277,12,IND
76768,7,PHI
1629117,35,BOS
2429,50,MIL
202070,24,MEM
1629655,21,DAL
101184,35,PHI
76769,null,WAT
76770,5,BKN
2558,34,ORL
1628982,6,OKC
76752,24,CHA
202690,32,SAC
1641945,null,MIL
204038,2,IND
76774,20,PHI
333,40,BOS
76776,null,WAS
200816,15,TOR
2682,10,NOP
101128,32,SAC
76778,14,LAL
76780,21,BOS
1627868,29,ORL
1629636,10,CLE
76781,24,DEN
76782,22,GSW
76783,17,LAL
1612,2,TOR
76785,20,DAL
708,21,MIN
1831,20,BOS
1628656,3,NYK
76786,0,HOU
1051,22,MIN
203197,8,UTA
76788,14,LAC
1630585,0,CHA
76789,24,CHI
76790,5,LAC
76791,55,CLE
1619,3,DEN
1727,8,ORL
1630586,12,GSW
76793,30,LAC
1630568,52,BOS
201188,14,MEM
2200,16,LAL
76794,null,AND
76772,55,UTA
76773,10,NYK
201568,12,MIL
76797,10,ATL
1845,4,SAS
1627771,9,DET
1002,4,SAS
202087,15,CLE
761,52,CHA
76800,5,GSW
1641718,3,UTA
1642273,18,WAS
202331,8,PHI
76801,12,BKN
1627875,13,MIN
76802,22,SAC
76803,30,BKN
76804,44,SAS
76805,null,PIT
76806,40,NYK
76807,21,LAC
200789,1,CLE
76808,18,ATL
1626780,3,DAL
76809,15,LAL
76810,35,DET
201959,67,CHA
76811,null,WAT
201592,4,BOS
1630581,3,CHI
201821,2,MEM
1628385,20,SAC
1628983,2,OKC
1630264,16,WAS
2109,4,IND
383,13,BKN
76812,50,SAC
1631221,12,PHX
423,32,GSW
930,44,CHA
200752,22,GSW
600014,53,CHI
76817,48,POR
76818,null,CHS
1631367,14,CLE
1938,20,SAS
76819,21,ATL
202148,32,GSW
76820,null,JET
76821,25,MIN
76822,10,ATL
76823,20,LAL
76824,16,PHX
76825,28,BOS
1901,22,ATL
2601,35,OKC
76826,43,BKN
203497,27,MIN
76827,35,MIN
76828,6,GSW
76829,null,WAS
924,5,DEN
101155,15,MIN
76830,22,DEN
76831,3,PHX
2400,90,CLE
76832,25,LAL
1864,30,CHI
203462,10,PHX
1629164,00,CLE
1630692,23,PHX
76833,null,PRO
203932,32,DEN
2732,7,CHI
204079,30,PHI
201569,23,PHI
76813,null,WAS
288,5,BKN
76815,3,ATL
202726,0,LAL
76837,14,PHI
76838,23,GSW
1628984,4,POR
37,21,PHI
101121,12,TOR
76843,11,BOS
76841,44,GSW
76842,25,ATL
101211,26,IND
1626203,2,CHA
76844,50,DAL
97,20,BOS
101122,22,IND
76847,11,CLE
258,55,MIA
76850,20,LAL
202,14,LAC
285,9,PHI
265,44,WAS
270,54,CHI
203924,9,POR
1626170,22,CHI
76852,11,GSW
1514,45,UTA
76853,33,LAL
1629055,15,OKC
76854,null,SHE
1629755,12,ORL
201189,33,CHI
1070,9,HOU
1516,22,ATL
1026,2,BKN
76859,15,SAC
1627982,5,PHX
101162,13,WAS
1641789,00,OKC
76836,9,NYK
76863,4,BOS
76865,18,MIL
920,45,LAL
1631260,20,MIL
101209,null,LAL
203110,23,GSW
203475,11,DEN
101123,14,BOS
203210,1,GSW
1630224,4,PHX
1629750,31,DET
201145,32,HOU
76867,20,NYK
1630182,10,CHA
76868,3,NYK
76869,21,PHI
600011,16,PHX
1036,9,ORL
76872,25,PHI
76873,23,SAS
76874,13,UTA
76875,30,IND
76877,28,WAS
76876,21,CHI
76878,24,IND
201192,0,DEN
76879,14,UTA
2584,34,PHI
201590,13,SAC
101158,5,BOS
76880,22,PHI
76881,33,CHI
76882,15,PHI
2696,3,MIL
76883,9,POR
76884,43,LAC
1630564,0,SAS
76861,40,IND
76862,40,MIA
2204,41,MIN
76888,25,PHX
76889,30,SAS
201981,32,PHX
76890,35,UTA
76891,17,NYK
1629656,5,PHI
1575,54,SAC
76893,null,PRO
76894,5,DET
76895,30,POR
76896,32,LAL
76897,null,INO
101219,16,ATL
76899,18,NYK
76900,20,BOS
76901,35,SAS
1629741,23,MEM
76902,19,NYK
1631338,16,CHI
1631243,18,ATL
339,7,PHX
76903,51,MIN
76904,54,CLE
76905,null,PIT
76906,11,GSW
76907,null,DN
76908,10,PHI
76909,null,GSW
203268,12,BKN
1629657,7,MIA
2062,11,CHI
2775,5,POR
1629060,28,LAL
201632,98,MEM
203199,20,ORL
76887,35,WAS
1559,44,DAL
201933,91,BOS
76914,null,CHS
76916,52,LAL
76917,45,DET
201612,1,SAS
203798,19,CHA
2409,12,MIL
76918,null,BAL
76919,11,PHI
76920,35,INO
917,54,BKN
1630169,0,IND
76922,11,POR
1628985,14,OKC
1629743,45,ORL
1631160,55,SAS
1630221,15,OKC
200837,42,WAS
1641790,16,CHA
1629788,9,DAL
76923,42,ATL
1032,8,MIL
984,42,BOS
76925,null,WAT
1627772,25,ATL
76926,12,LAL
202706,25,DEN
203120,41,BKN
76927,null,JET
1888,32,DET
76928,23,DET
76929,30,LAL
676,55,HOU
1985,42,DEN
67,20,DEN
1627773,20,DAL
1630181,14,MIA
76912,16,ATL
76913,10,DET
1630204,19,POR
1628605,null,MEM
76937,33,SAC
76938,null,INO
76939,null,BAL
203162,23,IND
76942,20,UTA
76940,20,SAC
76941,22,OKC
2580,6,ATL
1682,34,BOS
76944,24,DEN
202376,44,CLE
358,1,ORL
896,10,GSW
203501,10,DEN
201935,1,LAC
76945,17,DET
76946,23,WAS
76947,24,DET
1630702,1,DAL
76948,11,UTA
76949,9,AND
1641989,16,UTA
203090,8,SAC
76950,21,NYK
76951,21,ATL
76952,40,PHI
157,12,DAL
1629607,2,NOP
202712,32,ORL
166,4,CHI
1631199,13,BOS
1723,15,UTA
202725,55,NYK
2492,21,DAL
1052,44,UTA
76935,5,BOM
76936,20,BOS
76957,34,LAC
76959,13,BOS
76958,3,SAC
2734,34,DAL
203548,2,LAL
203914,11,MIL
1630223,00,NYK
203925,12,DET
1630284,8,HOU
446,12,BKN
202412,6,CLE
200839,33,HOU
76960,20,HOU
202227,12,MIA
76961,43,BOS
1626151,9,CHA
1626150,5,MEM
76962,3,LAL
2758,13,IND
1627885,0,MEM
2078,6,SAC
1628404,3,NYK
1628392,55,OKC
176,4,LAL
2051,4,DEN
321,43,IND
76965,14,PHX
2617,40,MIA
76967,8,LAL
76966,10,OKC
76968,10,ATL
2213,35,CHA
76969,17,GSW
1630573,30,BOS
76970,17,BOS
201150,00,PHI
2454,10,DEN
970,24,NYK
76956,23,PHX
1038,29,HOU
76974,null,INO
1138,7,BOS
76975,11,BKN
76977,33,LAL
76978,32,PHX
101236,44,HOU
76979,11,WAS
2553,22,WAS
1629637,11,LAL
1630165,7,CLE
76980,50,CLE
1628502,21,PHX
202330,33,OKC
202351,11,MIN
2217,33,WAS
76981,24,OKC
76982,3-10,BOS
76983,42,ATL
101129,13,HOU
1049,10,MIN
76984,11,WAS
76985,24,PHX
76986,14,NYK
76987,55,HOU
76989,20,BOS
673,44,ATL
1538,45,CLE
76990,null,ATL
76991,3,PHI
76993,12,BOS
201945,12,CHA
1764,52,MEM
76992,40,MIL
76994,12,GSW
76972,42,PHX
765,33,PHI
1641722,24,NOP
76999,12,SAC
1630565,50,PHI
77000,26,PHI
77004,16,DET
77001,11,SAC
77002," ",BOS
1627988,4,MEM
77003,4,PHX
202333,7,NOP
203089,31,MIL
1667,12,MIL
77006,null,DN
77007,10,BOS
1629608,20,TOR
1627823,41,TOR
1626195,9,NOP
1914,12,DEN
61,21,HOU
200835,5,DET
1629639,14,MIA
77010,15,DET
77011,4,BOS
77012,30,GSW
77013,31,DET
77014,17,BOS
77015,35,NYK
1626209,44,ORL
201579,34,IND
77016,null,PRO
1628439,4,NYK
77017,55,CHI
201581,21,CLE
1627741,7,GSW
202809,11,CHA
1848,32,SAC
76996,6,HOU
1641707,0,UTA
76998,4,GSW
1629312,7,BKN
77023,12,GSW
2403,42,DEN
77024,24,ATL
77025,24,ATL
77026,20,GSW
201588,7,IND
255,33,DET
201195,35,PHI
201941,27,LAL
1630792,33,PHI
203524,18,ATL
201631,51,OKC
238,32,CLE
1626199,24,DET
77028,30,IND
77029,32,LAC
2550,12,CHI
77030,6,CLE
1630207,14,MEM
77031,3,BOS
200823," ",MIA
1629658,8,OKC
202359,11,MIL
1641793,55,LAL
101125,32,DEN
77034,14,MIL
77035,3,BOS
77036,14,BAL
77037,20,DET
77038,14,NYK
697,32,CHI
77039,null,BAL
2450,23,CHI
1628988,0,HOU
201950,5,POR
925,9,BKN
77021,1,DEN
77022,11,PHX
77042,12,CHI
1641842,5,DET
77043,14,POR
200797,5,LAC
77044,22-24,DET
1626178,2,BKN
1626158,22,WAS
1631096,7,OKC
77045,10,LAL
77046,6,CHI
77047,6,POR
77048,11,NYK
77049,9,DET
77050,10,SAC
1630258,null,WAS
1532,25,MIL
202715,3,SAC
203918,22,LAC
1641720,17,PHI
77051,12,NYK
77052,9,PHI
77053,42,CHA
77054,20,BKN
203816,24,OKC
77055," ",LAL
77056,34,DEN
201143,20,GSW
77057,42,MIL
77058,24,LAL
204,14,UTA
202862,31,BKN
109,25,LAL
77060,32,WAS
77061,25,NYK
77062,17,DET
77040,14,LAL
77041,null,INO
204066,30,CLE
77064,17,ATL
77065,41,DAL
2730,39,LAL
77066,40,CLE
1641724,13,ORL
2572,8,DAL
436,5,WAS
1630210,00,DEN
77067,14,UTA
77069,32,DET
1128,43,UTA
1629739,52,HOU
77070,16,DET
77072,null,PRO
1631309,12,HOU
201991,14,BOS
77074,23,ATL
1607,16,MIN
1626273,9,LAL
1628989,13,CHI
203962,34,OKC
1630643,32,IND
1572,7,TOR
77077,1,DEN
1630190,19,POR
77078,3-12-44,DEN
1716,0,WAS
1965,3,DAL
1630574,55,NYK
203133,4,MIN
77080,42,LAC
2415,40,MEM
1629353,8,ATL
77081,5,MIL
2743,43,BKN
77082,33,LAL
1631216,33,ATL
275,20,NYK
780,35,GSW
1629631,12,CLE
77084,41,WAS
283,11,DET
201629,50,ATL
1626154,28,BOS
2212,45,ORL
1626205,32,MEM
310,12,SAC
77086,null,HUS
1630562,20,MEM
77087,15,CLE
77088,null,CHS
1628990,1,PHX
77090,4-15,LAL
77091,16,SAC
1630538,8,MIN
77092,43,UTA
201586,25,MIL
1642345,11,PHX
2738,9,GSW
980,11,CLE
101148,9,BKN
101141,77,MIL
77093,30-35,LAL
77094,24,ATL
204060,7,MIN
203996,17,MIL
201281,20,LAL
1627742,3,TOR
1631127,55,SAS
77095,22,LAL
202681,11,DAL
1628371,1,ORL
77097,44,DEN
77098,13,DAL
2599,34,BOS
77083,15,CHA
201805,31,GSW
101127,55,POR
1628935,5,HOU
77099,11,SAC
1517,24,SAC
202132,9,CLE
201616,41,CLE
1627743,11,HOU
1628402,5,PHX
1641713,45,MEM
1630543,22,IND
1114,2,SAS
1983,5,TOR
754,24,DAL
1628367,55,TOR
1628382,44,MIN
77103,null,PHI
2739,6,CLE
1531,44,PHI
349,31,NYK
77105,6,DAL
77106,17,NYK
203510,55,DAL
1631245,29,IND
77107,2,IND
1872,50,WAS
202704,7,PHI
77109,7,MIN
1536,3,SAS
77100,23,LAL
77110,7,CHI
77111,30,OKC
1641748,44,MIL
1628991,8,MEM
1631218,32,GSW
2418,23,PHX
1631093,23,DET
2767,7,ATL
1628411,4,POR
202345,7,BKN
77116,14,BAL
1080,42,CLE
1744,31,OKC
1629713,10,SAC
2229,8,MIA
1628455,55,PHX
1906,25,CHA
1712,4,WAS
1942,40,LAC
77120,null,DEF
77122,null,BAL
1631170,11,MIA
2060,55,MIN
77123,13,LAL
1630610,33,MEM
101180,33,IND
201605,15,MIN
77125,null,BAL
77126,11,POR
2423,6,TOR
201785,0,WAS
2744,25,UTA
1628518,11,ORL
203928,21,BKN
200971,2,CHA
2210,22,BKN
1629610,3,CHA
2407,1,NYK
1641998,50,NYK
202724,31,GSW
1642450,24,DET
2798,5,DET
203098,30,ATL
201943,11,MIL
76482,23,UTA
77114,24,HOU
77115,23,UTA
203108,55,DAL
1629660,2,MEM
201998,5,SAS
203511,17,OKC
200817,5,SAC
1630198,11,OKC
1642358,4,WAS
200792,30,MEM
1628993,24,MIN
101161,5,TOR
77131,12,GSW
1533,8,IND
202356,7,POR
77132,12,SAC
422,6,SAS
1629168,13,ORL
1627744,10,LAC
77130,2,HOU
1629661,23,DEN
201291,5,NOP
77133,15,GSW
202419,20,MIN
203187,23,UTA
77135,34,LAL
77136,45,IND
1626177,44,OKC
683,30,CLE
77138,8,POR
77139,5,DET
1630525,13,TOR
1746,4,NYK
77141,3,BOS
2035,1,DEN
698,8,SAC
77144,15,ATL
77145,15,UTA
1137,21,NYK
77129,51,SAC
201973,21,DET
77151,null,DEF
201274,44,ATL
1630552,1,ATL
201949,16,IND
2207,7,BOS
77152,27,OKC
77153,33,CLE
1629640,3,SAS
2256,54,MIA
77154,00,POR
1630553,45,BKN
1642352,16,MIA
134,7,PHX
1641749,18,CHA
913,2,CHA
2669,54,NOP
77159,21,GSW
77142,32,LAL
77160,8,MIL
77168,43,CHI
77161,11,PHX
203910,3,HOU
77162,18,SAC
204179,14,MEM
203111,11,IND
77163,33,SAS
77164,26,BOS
77165,52,LAL
1626169,14,UTA
77166,31,LAC
77134,33,SAC
201234,10,NOP
204020,10,SAS
77167,15,DET
202325,4,LAC
77147,6,HOU
77149,null,GSW
77150,25,WAS
77172,54,LAL
2264,42,PHI
77173,21,DAL
77174,2,MIN
77180,20,BKN
77193,24,PHI
200784,11,PHI
77175,27,PHI
1630637,22,CHI
279,27,WAS
77178,null,PHX
1869,2,LAC
1641732,1,DET
2563,30,MEM
1627745,30,CLE
1800,19,CLE
1641794,33,NYK
202346,20,DAL
963,13,BOS
101204,27,CLE
77182,13,CHI
224,6,MIA
77184,44,SAS
2410,2,IND
1630529,2,NOP
1642403,3,DET
77185,12,SAC
1627883,21,CLE
2592,1,MIA
1629203,10,LAL
77186,15,WAS
77187,27,BOS
1908,20,CLE
77188,25,BOS
1630539,23,DAL
77170,33,POR
77169,6,GSW
203999,15,DEN
1630222,15,SAC
77195,15,GSW
77191,20,SAS
461,54,DAL
77192,33,BKN
77194,34,POR
2652,31,PHI
200780,44,ATL
1642461,21,DEN
77197,23,POR
203093,6,HOU
1630200,30,CHI
1626145,2,ORL
77198,9,PHI
77199,null,INO
77201,24,IND
77202,5,DET
77203,22,LAC
203103,3,OKC
1627884,5,LAC
1817,1,DEN
201599,9,NOP
77205,15,BKN
202366,9,BKN
893,23,CHI
674,31,MIN
77208,55,PHI
77209,40,CLE
77210,29,SAC
77211,16,LAL
77212,6,PHI
77213,null,PIT
202709,10,ORL
2123,32,DEN
1631107,5,MIA
77215,22,BOS
77189,35,HOU
2891,7,ORL
90000,null,BKN
77219,23,LAL
2549,35,LAC
1626163,33,PHX
77221,9,GSW
2574,72,TOR
77222,null,PIT
203508,10,BKN
201207,22,LAL
77223,22,SAS
77225,null,HUS
2435,41,ORL
77226,null,WAS
77227,44,LAC
201619,14,CLE
77228,null,CHS
1642530,8,CHI
77229,53,DAL
77230,7,GSW
77231,3,PHI
228,32,UTA
77233,43,DAL
1631211,3,MIA
77235,50,UTA
77236,33,IND
77237,14-24,BOS
203527,30,LAL
77238,6,BOS
77239,11,OKC
77240,5-30,DET
431,40,OKC
77242,34,GSW
1628379,3,ATL
202810,12,CLE
77243,null,HOU
77244,34,OKC
77319,14,BAL
1629662,28,BOS
77217,null,CHS
77218,6-17,NYK
77248,43,PHI
70,25,CHI
77249,15,DET
760,25,POR
77251,33,MIA
1631117,24,UTA
1930,0,CLE
1630296,12,MEM
705,31,CLE
2751,38,POR
467,5,BKN
1629742,15,UTA
77254,43,PHI
203077,9,CHA
77255,21,SAS
77256,10,DET
77257,20,LAL
77258,51,UTA
203930,0,BKN
77259,7,HOU
77260,16,LAC
77261,21,DET
77262,21,CLE
77263,15,BKN
77264,30,WAS
12,17,MEM
77266,null,BAL
701,20,PHI
77268,15,PHI
1562,51,WAS
77270,21,LAL
728,13,TOR
1629663,23,PHI
77272,22,WAS
77273,51,SAC
1101,45,OKC
77246,9,SAS
77247,10,PHI
1801,44,ORL
1905,47,UTA
203945,53,CLE
77278,16,ATL
1630557,24,ATL
77279,5,NYK
77280,42,OKC
1123,54,ORL
954,30,BKN
1628467,14,LAL
170,35,BOS
101132,11,DEN
77283,7,DET
1641752,34,DET
77284,null,BAL
77285,6,DET
1642261,4,LAL
77287,3,NYK
2688,10,HOU
202688,20,DAL
1510,2,CLE
1630233,13,NYK
1861,11,PHX
77288,38,POR
77289,43,NYK
969,44,LAL
77291,19,NYK
77292,10,PHI
1628995,31,GSW
77294,12,UTA
77295,21,HOU
1642278,13,NYK
1631132,10,ATL
77296,null,AND
77297,15,NYK
402,45,ATL
1629723,46,MEM
77276,null,DEF
77277,22,BOS
200814,8,MEM
101117,8,LAC
2594,26,PHI
77302,55,SAC
77303,null,JET
77304,9,BOS
201585,41,SAC
77305,22,WAS
77306,41,DEN
77307,21,GSW
77308,50,PHX
77309,null,BAL
77310,null,BAL
203139,55,DET
77311,32,LAL
1630249,27,ATL
77312,20,BOS
77313,11,OKC
77314,44,CHI
2420,4,BKN
1474,42,MIL
77316,33,BOS
77317,null,WAT
77318,7,BKN
77322,12,NYK
389,7,CHI
1629083,98,CHA
77323,44,HOU
77324,25,WAS
77325,25,LAL
1629066,00,BKN
201633,31,GSW
2825,11,OKC
1628398,18,MIL
203136,1,GSW
1628999,00,MIA
77300,50,WAS
77301,8,MIL
1628436,7,SAS
1631222,12,LAL
1601,5,CHI
77340,35,LAL
203897,8,SAC
1627746,7,SAC
77326,44,SAC
363,44,MIN
201802,0,BOS
100263,40,DET
77329,null,CLR
77330,11,LAL
1630237,40,GSW
203117,1,ORL
203087,26,SAC
77331,24,CLE
77332,3,POR
2573,15,PHX
77333,11,PHI
2253,21,MIA
1629111,31,MEM
201171,7,SAC
202068,7,NYK
77335,30,DEN
457,28,PHX
226,21,CLE
1892,21,CLE
101247,3,SAS
1629641,35,UTA
2061,14,HOU
600005,16,DET
77338,23,HOU
1627879,27,SAS
77339,34,GSW
203499,8,BKN
1641796,9,MIA
77327,12,ATL
1711,9,DEN
77328,34,DAL
77345,null,SHE
203530,77,DEN
77346,6-16,BOS
77347,16,INO
201151,2,ATL
1629724,23,ORL
202371,31,PHX
77348,null,DET
1630639,0,TOR
1535,55,ORL
201951,4,DEN
1627774,10,BOS
77350,1,PHX
1627747,8,DET
1628388,18,IND
77351,24,PHI
77352,16,GSW
77353,30,HOU
77354,12,SAS
1629665,0,PHX
203495,11,DAL
77356,15,ATL
77357,34,GSW
201584,1,MEM
1627814,10,PHX
101135,10,NYK
77358,20,BKN
77359,9,DET
77360,42,POR
77361,24,CLE
77362,20,BKN
202723,8,MIN
77363,34,LAC
77364,30,PHX
77365,11,MIL
1630240,38,PHX
201186,45,MIA
77342,43,PHX
77344,5-12,MIL
1627215,25,CHI
203458,27,NYK
702,0,MIA
77371,21,LAL
77370,34,MIN
202695,2,LAC
203086,3,MIL
1642502,33,GSW
77372,14,SAC
202727,23,LAC
77373,12,CHI
77374,11,SAS
202720,30,MEM
77375,3,PHI
77376,21,DEN
77377,53,ATL
77385,5,GSW
77379,null,BAL
77380,1,IND
77381,null,DEF
1631171,34,CHI
729,32,TOR
1641721,27,BKN
1900,20,UTA
77383,11,DET
1740,9,OKC
77384,35,BOS
1630575,16,CHA
1630184,13,WAS
77386,30,DEN
77387,30,DEN
1630604,9,BKN
77388,26,DET
203081,0,POR
202391,17,HOU
77793,16,NYK
77367,null,CLR
100,23,WAS
77369,20,ATL
1630587,18,PHX
1641753,8,CLE
988,14,PHX
2733,34,GSW
77392,6,GSW
1024,54,PHX
77394,17,PHI
77395,32,HOU
77396,44,DAL
77397,14,PHI
77398,44,LAC
77399,32,SAS
1100,51,PHX
77401,9,SAC
77402,8,INO
1631254,35,CHI
77403,17,BOM
38,54,MIL
1609,35,OKC
3,43,MIA
1381,25,DET
1627848,36,PHI
26,13,CHI
1626172,55,NOP
201572,11,LAC
1732,13,MEM
2221,24,UTA
201577,33,MIL
943,9-33,GSW
77409,18,BOS
77410,43,OKC
77411,22,WAS
1629712,35,POR
77412,10,CHI
201567,42,UTA
175,53,MIL
1629642,25,MIA
1641726,2,DAL
200768,7,PHI
1628070,8,TOR
77417,20,BOS
77418,32,SAC
77419,10,HOU
203564,24,MEM
77420,20,POR
101249,9,TOR
77421,12,GSW
1731,10,ATL
77422,null,BAL
77423,null,WAS
77424,10,POR
1630994,19,PHX
1641754,5,LAC
1627789,7,PHX
1628399,20,DEN
1626168,41,SAC
248,9,NOP
77426,9,CHA
77427,25,LAL
1627815,9,WAS
1928,11,PHI
931,24,WAS
77428,21,LAC
77429,22,BOS
203159,1,HOU
101178,6,NOP
77432,17,DAL
694,7,HOU
202714,6,ATL
1635,27,PHX
77435,41,ATL
202731,20,DET
77436,5,PHI
77414,34,LAL
77415,35,MIN
77416,6,MIL
2432,6,HOU
1666,12,CLE
2058,35,MIN
77441,null,BAL
203705,11,ATL
1894,50,LAC
77442,30,CLE
2048,21,NOP
1630266,25,NOP
101133,28,IND
77444,19,BOS
328,4,WAS
105,9,PHX
200970,12,GSW
1627748,7,MIL
77447,null,JET
1630177,9,PHX
117,25,WAS
252,32,UTA
77449,24,HOU
1074,12,HOU
77450,null,LAC
1630572,54,TOR
77451,23,SAC
77452,null,JET
1630211,4,ORL
77453,5,NYK
986,34,GSW
1629611,14,BKN
1630544,23,CHA
330,15,LAC
77454,35,WAS
316,50,MEM
1630185,2,GSW
77456,5,UTA
77457,23,WAS
1855,2,DEN
1629122,55,CHA
77439,null,JET
36,78,CLE
77462,4,BOS
77463,24,WAS
1890,31,PHX
1626246,51,HOU
1628374,23,UTA
1752,4,NOP
77464,26,DET
77465,21,GSW
77466,41,POR
681,13,CLE
923,8,GSW
203088,5,LAL
1630230,13,DAL
101185,2,IND
77467,20,SAC
77468,45,OKC
77481,26,IND
77478,42,LAC
77469,35,POR
1628997,16,DAL
201858,35,WAS
1628998,17,IND
733,40,MEM
239,2,LAC
77473,null,BOM
77471,null,PRO
77472,10,POR
1626185,2,MEM
1641798,4,WAS
77474,15,LAC
1629725,3,CLE
1630231,99,UTA
1629103,21,NOP
1629309,null,DET
77458,null,PIT
203906,11,ORL
77460,5,ATL
77479,7,NYK
77480,22,LAL
1631213,13,BKN
469,24,DAL
77482,12,ATL
2046,34,MIL
1628412,15,SAC
2427,8,WAS
763,34,MEM
77483,25,NYK
1629726,24,IND
1628493,9,CHA
1629751,33,MEM
1631097,00,IND
1631255,17,NOP
77484,1,ATL
202083,32,ATL
77485,null,BOM
77486,25,MIN
1630178,0,PHI
101131,54,DET
77487,31,BOS
137,3,HOU
77489,23,ATL
77490,24,CHI
101118,42,CHA
195,11,MIL
77492,22,MIL
77493,8,PHI
77495,36,GSW
77494,16,NYK
201953,6,OKC
201564,3,MEM
1630219,4,LAL
77496,1,SAC
2755,23,SAC
77476,11,DEN
77477,6,ATL
203949,20,GSW
77499,4,ATL
1630540,2,NYK
1642272,20,PHI
203492,3,SAC
737,55,MIN
77500,3,NYK
77502,49,LAL
101119,7,MIN
77503,null,HUS
77504,33,SAC
77505,17,LAL
77506,21,ATL
77507,null,DEF
1820,11,DEN
962,0,BOS
1043,00,PHI
1627775,22,TOR
77509,44,IND
77510,12,DEN
2082,50,DEN
77512," ",GSW
45,21,IND
1630644,8,IND
203468,3,ATL
77513,15,ATL
77514," ",ATL
204456,9,IND
77515,22,WAS
77516,44,OKC
1741,42,OKC
77517,7,HOU
200840,12,MIL
1622,22,HOU
77518,20,OKC
1628571,21,UTA
77497,null,SHE
2788,28,LAL
77498,11,LAC
1365,34,OKC
1630183,3,MIN
77523,44,OKC
203909,14,HOU
203926,7,SAC
77524,30,GSW
77525,13,BOS
1075,42,CHA
77527,41,LAC
686,34,DET
77528,33,UTA
200829," ",PHI
77529,8,NYK
203956,33,OKC
201580,00,SAC
77530,40,LAL
77531,40,NYK
77533,14,MIL
1631121,11,NOP
1503,1,HOU
77534,25,SAC
1630787,null,POR
203585,17,GSW
77536,16,NYK
77535,16,NYK
77537,15,NYK
201187,5,WAS
1450,32,BOS
29,22,OKC
976,0,LAC
77540,43,OKC
77541,12,BKN
77542,7,SAS
77543,40,POR
365,9,IND
1626191,1,BKN
77520,8,PHX
723,20,SAC
1630605,null,DAL
1629162,0,SAS
203463,23,POR
77548,18,GSW
77549,null,BAL
2693,20,UTA
1728,7,ATL
77551,21,ATL
203,10,OKC
77553,54,ATL
77554,5,LAL
77555,25,DET
77556,null,INO
77557,null,BAL
77558,31,PHI
77559,20,SAC
202077,8,PHX
77560,14,NYK
77562,52,NYK
77561,32,SAC
77563,6,ATL
2101,23,PHX
77565,40,DET
203895,52,WAS
77566,11,WAS
201177,4,IND
1629098,58,HOU
77567,22,HOU
77568,null,PRO
2098,3,LAL
1577,4,DEN
201975,20,PHI
77570,21,HOU
77571,8,OKC
77572,17,DET
77547," ",DEN
203590,10,IND
1628035,28,CHI
77575,25,PHX
1629740,44,NOP
1629001,8,GSW
77577,null,PIT
77578,7,NYK
77579,18,LAL
77580,15,DET
77581,null,WAT
1641877,31,SAS
200822,44,TOR
1500,5,BOS
77582,50,SAC
77583,14,PHI
1630241,5,CLE
77584,14,GSW
1629002,4,DET
684,34,DAL
77586,7,MIL
77587,3,CHS
77588,40,HOU
203995,18,PHX
1626175,25,BOS
203114,22,WAS
77589,null,PIT
2036,4,CLE
1628450,null,SAC
77590,15,GSW
600012,99,LAL
77591,30,CLE
77593,19,LAL
77594,null,WAT
101223,null,GSW
101139,6,BOS
2032,3,LAC
1527,20,PHX
2545,31,MEM
1626257,50,DAL
203539,33,DAL
77576,25,PHI
77603,41,SAS
1802,52,SAC
1641706,24,CHA
203121,21,NOP
77602,30,IND
77599,null,BAL
1641801,2,CHI
77600,null,HUS
77601,12,ATL
1641757,22,LAC
1631159,33,MIN
1626259,13,TOR
2034,3,MEM
932,3,PHX
203113,34,DEN
397,31,IND
77604,null,PIT
168,34,CLE
77606,null,PIT
371,6,DET
202407,22,UTA
200794,8,PHI
1629003,20,LAL
1631303,10,POR
114,4,MIA
1642434,27,SAS
77609,11,CLE
77610,8,ATL
65,9,BOS
77612,20,BOS
1631169,8,BOS
202703,41,CHI
1954,11,CHA
1642274,21,NOP
1630558,45,MIA
1628378,45,CLE
1889,24,DEN
292,6,LAL
77605,null,CHS
203183,18,MIL
203502,9,DET
1628513,15,UTA
77618,50,PHI
77619,16,GSW
1749,32,HOU
211,52,MEM
1630596,4,CLE
1630600,15,PHI
77621,41,HOU
1642367,2,TOR
77622,18,GSW
1737,13,CHA
2040,6,NOP
77623,44,MIL
1629690,20,CHI
77624,6,DET
77625,18,NYK
77626,4,MIL
1631320,19,SAC
77627,14,DET
2752,null,POR
1628370,0,SAC
600006,10,NYK
202328,15,MIN
77628,12,ATL
1626242,44,POR
1630541,4,GSW
200081,9,TOR
1629875,22,LAC
77631,7,GSW
1629760,31,NYK
77632,53,DEN
1628500,26,IND
203519,7,ORL
77616,null,AND
417,42,MIN
77614,32,MIA
1630,31,DET
77636,34,DET
77637,53,DET
1631386,76,POR
929,20,DAL
1629630,12,MEM
203961,15,DET
77639,15,DET
77640,35,IND
1629752,16,LAC
77641,20,BOS
77642,17,GSW
77644,55,DAL
356,34,BKN
202721,14,LAL
77647,35,DET
1628537,3,SAS
202693,88,LAL
77646,null,SHE
1628420,23,IND
201043,33,ATL
2242,44,HOU
202694,24,CLE
200747,6,CHA
77648,12,BOS
77649,32,PHX
201627,11,OKC
1972,23,CLE
77652,4,IND
77653,34,SAS
77654,10,GSW
734,21,MEM
1628405,15,LAC
2069,13,ATL
203102,5,PHI
77634,4-14,GSW
77633,00,SAS
77635,13,BKN
77658,51,DET
203498,15,MIN
1628539,12,MEM
77659,17,BOS
77660,null,HUS
201957,30,CHA
904,17,GSW
77662,23,GSW
942,51,ATL
204098,0,MEM
77664,44,UTA
77665,6,BOM
785,5,MIL
49,77,WAS
1630278,null,SAC
77668,20,LAL
77669,23,HOU
77672,5,NYK
203513,33,CHI
77670,42,LAC
77671,12,GSW
203122,55,UTA
77673,34,POR
77674,41,MIN
2211,14,GSW
1627749,5,NOP
1627750,27,DEN
1631099,13,SAC
77675,4,DET
1631200,24,POR
441,31,LAC
145,30,WAS
77676,40,OKC
203315,23,NYK
203488,50,OKC
202389,21,DEN
77657,null,INO
1626144,15,SAC
1629004,10,UTA
1823,40,MEM
2055,34,TOR
77681,null,INO
77682,17,SAC
2411,7,BKN
1627846,11,PHX
77683,9,DET
77684,null,JET
1924,33,CHA
2059,21,DEN
77685,22,PHX
1631250,35,MIL
1626204,22,CLE
203894,5,POR
77686,null,JET
77688,55,SAC
77687,17,LAL
959,10,PHX
77689,41,LAC
77690,14,ATL
77692,2,UTA
77693,12,NYK
2434,2,MEM
202380,55,WAS
101238,null,LAC
1626254,2,NYK
77694,22,MIA
202390,12,SAS
77695,17,PHI
77696,36,POR
77697,45,SAC
203517,8,GSW
77698,null,WAS
77699,50,MIL
201634,21,GSW
1054,0,PHX
982,13,DAL
939,20,CHI
1129,9,UTA
1630612,5,CLE
1838,8,LAC
1630174,23,IND
77704,51,LAC
1725,12,MIN
203526,19,CLE
77705,21,LAL
77706,15,PHI
77707,52,DET
1116,23,DET
1096,40,ATL
1956,14,CLE
77710,14,HOU
271,2,MIL
1629005,14,CLE
77712,29,CHI
1641803,13,HOU
1627777,31,UTA
77713,16,BOS
203094,44,ORL
1093,15,SAS
77715,24,UTA
77716,27,MIL
77717,23,DET
77718,40,PHX
77719,40,DAL
1630227,12,MIN
77720,23,IND
77721,10,LAL
1630192,22,DEN
201149,55,CHI
77722,14,DET
2804,5,CHI
203457,3,BKN
2749,41,ORL
77701,11,UTA
1629614,2,IND
77727,34,ATL
77728,null,WAS
77729,11,PHI
80,3,LAC
77731,24,POR
983,25,HOU
77732,40,SAS
1629668,25,GSW
77733,8,DET
77734,3,PRO
77735,10,PIT
77736,6,SAC
200779,6,NYK
1629669,4,WAS
1641806,24,HOU
77737,20,WAS
1628373,21,CHA
1629134,20,WAS
203263,21,PHI
203994,30,UTA
77738,21,DAL
1628021,2,OKC
1629670,13,TOR
1022,0,SAS
1525,5,DET
709,31,BKN
77742,3,ATL
77744,7,GSW
77743,null,INO
1626266,28,UTA
200753,13,GSW
203948,8,MIL
77745,7,BOS
77746,null,BAL
77750,null,BOM
77752,null,WAS
77724,19,GSW
77725,null,BAL
999,9,MIL
1626220,00,PHX
77767," ",ATL
203124,9,NYK
77773,15,BAL
77774,null,CHS
77776,null,UTA
891,33,NYK
101177,21,SAS
1627849,32,WAS
201141,20,POR
1885,7,LAL
77747,28,PHI
77748,22,GSW
1628,50,MIA
203317,14,HOU
2731,50,CHA
1626143,13,IND
1629643,18,CLE
1629059,2,PHX
1629006,20,HOU
1630168,17,ATL
1630171,35,CHI
1629644,11,SAC
2246,13,UTA
203506,4,MIA
165,34,HOU
77756,53,SAS
77757,22,CHI
77758,4,DET
77759,44,OKC
1642439,41,LAL
77760,40,LAC
1680,2-31,PHI
1628419,21,ATL
2352,2,GSW
1429,27,BOS
77766,12,ATL
979,7,IND
406,34,LAL
203482,8,SAS
1630647,97,MIN
1629671,81,MEM
202620,50,ORL
1627778,21,HOU
77768,33,WAS
77769,null,BOM
77770,55,NYK
77771,44,UTA
202350,33,PHI
77775,8,PHI
731,00,UTA
77777,12,SAS
77778,14,ATL
77779,null,BOM
1630187,10,TOR
1626162,9,PHI
448,45,ORL
77780,14,GSW
77,24,WAS
101261,20,IND
182,2,GSW
2442,20,MEM
77782,40,LAC
77783," ",ATL
77784,45,PHX
77785,25,LAL
202082,32,BKN
1629745,41,PHX
77786,44,POR
1077,35,GSW
2071,00,OKC
77788,44,WAS
2585,27,ATL
123,14,DEN
2457,5,CHI
77764,null,WAT
1709,41,LAC
77765,10,SAC
77790,null,PRO
1960,3,TOR
77792,19,NYK
77794,31,UTA
1630698,6,CLE
1950,null,ATL
1627834,19,SAC
203123,16,HOU
77797,14,BOM
305,00,BOS
77799,14,ATL
1515,18,TOR
203953,20,BOS
2470,1,LAL
77800,22,GSW
2225,9,SAS
77801,null,INO
685,44,MIN
77802,16,SAC
77803,null,CHS
77804,7,GSW
202718,25,HOU
1629672,0,MIN
1628394,18,WAS
1097,14,SAS
77806,null,WAS
77807,null,PRO
77808,34,LAL
77809,null,WAT
1754,45,MIN
77811,20,DET
203934,13,ATL
202335,54,TOR
1739,23,POR
77812,32-42,CLE
77813,30,WAS
1909,34,UTA
1629873,null,DET
1627779,4,CHA
77815,42,SAC
77816,15,SAC
77817,5,SAS
2562,3,CLE
77818,11,LAL
77819,null,POR
77821,6,ATL
203940,33,MIN
1626166,1,IND
77822,21,PHI
77823,54,ATL
56,20,OKC
77824,18,INO
1627780,0,GSW
77825,null,DEF
77826,null,DEF
200762,4,WAS
77827,54,SAS
324,8,MIN
201593,14,MIN
77828,30,BAL
203658,14,UTA
77829,41,ATL
2130,null,LAL
2667,26,ORL
2632,22,LAC
46,54,SAC
781,55,CHI
1641970,null,MEM
2570,21,BOS
64,14,DAL
77834,11,ATL
200785,19,GSW
1628506,8,CLE
77835,18,PHX
1628383,12,HOU
203464,3,SAS
101108,3,LAC
1628409,25,PHX
77839,43,HOU
77840,15,CHI
1641809,13,CHA
77841,20,PHI
77842,16,WAS
2050,24,TOR
77844,45,POR
101130,10,OKC
77845,3,BKN
1630196,33,PHI
77846,3,HOU
77847,9,ATL
77848,21,SAS
77850,null,SHE
77849," ",GSW
74,5,SAC
77852,14,OKC
77853,17,DET
1629341,22,WAS
77854,51,BKN
77855,7,GSW
1641763,15,CHI
184,13,CLE
15,52,LAC
1629618,24,DEN
1630691,24,DEN
1718,34,BOS
894,22,MIL
77858,43,LAC
2554,20,GSW
77859," ",LAL
291,54,BOS
200838,51,BOS
77861,33,ATL
1629033,1,DAL
897,23,PHX
456,45,IND
445,10,CLE
77864,32,PHX
2565,10,BKN
202353,21,UTA
1631342,29,SAC
203486,22,CHA
203101,18,PHX
77865,45,GSW
2750,24,DAL
1641764,2,GSW
1627751,19,TOR
1629738,77,BOS
77866,12,LAC
77867,17,LAL
1513,66,SAC
77868,15,GSW
178,0,SAC
77869,41,CHI
202347,3,MEM
1629044,11,TOR
1630582,5,MEM
1629673,3,NOP
77870,51,SAC
998,41,MIL
77872,50,BOS
77873,50,UTA
2084,4,GSW
77875,54,DET
1629007,4,DET
77876,1,WAS
345,30,POR
1641854,9,CLE
1629645,7,MIL
1629008,17,BKN
203490,32,TOR
1626171,9,MIL
77863,54,POR
937,33,CHI
1630590,1,MEM
958,20,BOS
1630695,11,IND
200796,7,BOS
203939,7,DAL
2694,21,LAL
2867,12,MIA
1629619,5,PHI
1626181,24,MIA
101232,13,UTA
1627816,22,IND
77879,5,MIL
203515,26,BOS
77881,21,SAC
1630554,10,LAC
201985,12,IND
85,25,WAS
77883,5,LAL
899,25,CLE
77884,36,NYK
101179,14,UTA
77882,34,LAC
77886,null,BAL
203143,9,NYK
1630563,11,LAC
1627752,12,MIL
2419,12,DET
77887,null,WAT
340,12,GSW
1630202,11,BOS
1919,7,WAS
1641765,18,MEM
201172,13,BOS
2038,10,POR
77888,null,PRO
77890,23,MIL
1628681,15,ORL
1899,41,DEN
1642366,21,GSW
2068,7,NYK
77892,14,DET
200809,20,MIA
77893,23,NYK
1631311,22,ORL
1628397,10,MEM
77894,42,CLE
77895,null,BAL
77896,30,OKC
77897,21,IND
129,40,BOS
2209,77,OKC
1893,51,UTA
77899,9,GSW
77900,4,GSW
203545,9,MIL
77901,19,GSW
77902,18,SAC
77903,5,NYK
77904,15,SAS
2080,36,MIN
77905,18,LAL
2762,34,WAS
77906,3,NYK
77907,23,BOS
1630186,3,TOR
77908,null,BAL
1821,42,MIN
1626184,25,DEN
203944,30,MIN
201576,15,GSW
101183,43,PHI
77910,30,LAC
77911,14,BKN
77912,3,SAC
78656,41,DEN
1627753,9,HOU
1630243,12,ORL
1629674,88,BOS
689,50,PHI
202360,11,NYK
77916,7,PHI
200810,12,BOS
77917,44,GSW
77918,96,ATL
77920,43,DEN
77919,3,PHI
77921,20,PHI
77922,null,BAL
1641871,26,POR
1630559,15,LAL
77923,24,PHX
1629729,23,DAL
1442,11,DET
695,3,ATL
2072,22,MIL
1629629,5,LAL
77925,21,SAC
200755,17,PHI
77926,4,SAC
1628432,9,DEN
77927,20-23,SAC
2770,9,MIN
1630194,7,DET
77928,20,DET
203186,35,MIA
77929,19,NYK
1642024,65,PHI
1641810,12,CHA
234,6,DAL
77932,14,SAC
77933,15,BAL
690,52,DET
462,11,CHA
77913,13,PHI
77914,42,HOU
77915,43,SAC
2121,null,CHA
2876,55,MIL
77938,null,BAL
77939,42,SAS
720,14,MIA
77941," ",ATL
77942,null,CHS
981,14,PHI
704,21,MIL
77944,24,MIL
1629244,13,MIN
77945,10,DET
77946,44,MIL
1631197,8,TOR
1518,12,HOU
779,41,MIA
203318,14,WAS
201181,35,MIN
1630208,2,PHX
77950,4,PHI
2202,23,GSW
200978,32,ATL
1626196,0,MIA
1627781,22,SAC
77952,20,NYK
2369,31,CHI
71,24,LAC
782,2,SAC
77954,16,BOS
77955,24,SAC
375,34,MIN
77957,23,CLE
2557,13,OKC
77958,7-9,BOS
2604,0,CHA
1629675,11,MIN
77936,50,HOU
202385,33,OKC
1554,null,MIA
35,44,HOU
77962,12,LAL
77964,31,HOU
1630203,7,PHI
77965,33,WAS
77966,6,WAS
1642258,10,ATL
77967,19,SAC
77968,10,NYK
77969,45,BOS
203085,25,MIN
77970,32,LAC
470,25,ATL
77972,null,PRO
1641857,15,MIL
203460,21,OKC
101194,5,NYK
77973,50,LAL
77975,30,DEN
77979,null,BOM
203148,22,NOP
77977,12,PHI
101160,44,MEM
77978,30,LAL
926,7,SAS
600015,14,SAC
1926,10,SAC
77983,25,ATL
77984,8,BOS
2774,22,CHA
997,5,MEM
77986,43,CLE
361,30,POR
2873,12,BKN
2541,17,DAL
77960,6,NYK
77963,12,ATL
77988,21,SAC
299,3,MIL
77989,8,OKC
381,26,POR
1629010,18,GSW
1629620,55,DET
1683,25,ATL
1629011,23,NYK
101126,10,NYK
77994,1,SAS
1631115,7,ORL
716,20,ATL
203080,15,POR
77993,21,PHX
77996,null,DET
203922,40,IND
77997,52,SAC
77998,35,DEN
1629676,18,NYK
77999,6,PHI
78000,10,DEN
78001,null,CHS
78002,19,GSW
78003,5,GSW
23,10,DET
200771,14,POR
691,21,DET
435,6,TOR
78007,32,SAC
78008,11,GSW
915,54,LAC
964,40,MEM
78010,18,BAL
78011," ",ATL
202375,25,ATL
1628421,7,WAS
1629130,55,DET
1944,32,CHI
78015,14,GSW
200765,1,CLE
399,45,LAC
201565,23,MEM
147,8,IND
78017,15,GSW
78018,18,GSW
78020,15,DET
2624,3,LAC
203082,8,PHX
78021,13,WAS
78022,3,MIN
78023,3,NYK
78024,null,CHS
78025,5,ATL
78026,null,BOM
78027,11,POR
78028,41,DET
78029,50,MIA
78030,12,MIL
200750,3,POR
140,5,ORL
78033,null,DN
32,7,GSW
1626179,2,MIA
201937,13,CLE
2462,4,GSW
78035,11,UTA
78036,52,NYK
204014,3,IND
78037,34,NYK
1913,51,WAS
460,8,PHI
78039,22,LAC
78041,50,WAS
78013,3,SAC
1631157,13,MIL
78014,30,ATL
201575,4,IND
2416,4,LAL
78049,6,BOS
935,9,UTA
78047,4,CLE
78045,32,NYK
1626156,5,DAL
78046,34,CHI
78048,null,DET
201041,23,DET
1630346,37,NYK
717,11,POR
1627734,11,SAC
203135,50,LAL
78050,14,GSW
78051,null,PRO
1642275,31,CHA
927,16,DET
1089,32,SAC
2066,0,BKN
1629677,19,UTA
1629102,44,CHI
203960,14,PHI
2441,7,CHA
78055,50,HOU
202396,24,CLE
1631257,00,HOU
2143,6,PHI
78057,4,BOS
1874,34,CHI
202336,8,MIL
2684,null,SAS
78059,33,PHX
78060,16,BOS
1641766,21,CHI
78043,7,GSW
1641712,21,POR
474,51,PHX
1630846,30,TOR
987,23,MEM
2219,5,ORL
1631204,25,DET
203107,31,WAS
2261,11,DEN
78063,10,LAL
78064,18,GSW
78065,12,BOS
78066,15,PHI
2453,4,DEN
78067,null,WAS
2243,24,BOS
2637,null,SAS
78068,32,NYK
78070,null,CHS
78071,10,LAL
78072,27,ATL
1630648,20,WAS
78073,null,CLR
78074,null,BAL
78075,17,DET
7,24,DEN
78076,4,PHI
78078,6,NYK
88,55,OKC
78080,50,POR
1631248,55,BOS
78081,8,CHI
101195,24,CHI
78082,19-22,ATL
368,55,BKN
78084,54,POR
78085,null,PRO
78086,15,LAL
78061,5,NYK
78062,44,BKN
1642259,20,WAS
96,12,OKC
203471,17,SAC
78091,15,LAL
78092,null,WAS
78093,35,OKC
2449,4,HOU
78094,24,WAS
78095,14,PHX
1064,55,IND
2,,LAL
78097,11,PHX
192,9,ORL
1109,32,MIA
203118,1,ATL
1035,36,CLE
1630286,null,CLE
1630206,0,ORL
78102,20,UTA
1631220,0,DET
78103,45,OKC
1578,24,LAL
907,2,LAC
78105,32,BOS
78106,17,NYK
78107,null,WAT
200757,18,OKC
938,2,MIA
78109,null,SHE
202729,2,MEM
1627782,14,NYK
78110,4,CHI
78111,11,DET
78112,null,AND
78113,11,LAL
78114,15,BOS
200754,18,OKC
78088,25,PHI
78089,null,SHE
1738,5,OKC
201196,9,CHA
78116,32,WAS
1629012,8,CHA
78117,5,PHI
78118,null,CLR
1593,33,BKN
78120,null,INO
78121,22,PHI
201203,22,WAS
1629013,44,NYK
78123,null,PRO
78124,8,BOS
1630545,1,MIN
78125,13,ATL
78126,21,BOS
1630549,20,BKN
1631101,17,POR
201594,42,DET
1117,55,MIA
78128,16,NYK
216,20,LAL
1745,53,PHI
1629621,35,PHI
78130,null,PRO
1642347,23,TOR
78131,4,GSW
78132,11,ATL
203129,20,BKN
1641767,26,IND
1852,15,ATL
1642263,15,HOU
78135,27,CHI
78136,13,NYK
200782,,NYK
1630578,28,HOU
1641729,28,UTA
202338,1,WAS
78141,7,NYK
78142,12,DET
78143,34,LAC
202697,1,NYK
203144,1,MIN
1627783,43,IND
1626296,8,ATL
78144,25,SAC
78145,11,POR
78147,20,BOS
78149,43,OKC
78150,13,SAS
78151,36,ATL
202918,9,PHI
202081,20,PHX
78152,4-27,LAC
1629735,30,ATL
101134,25,MIA
1627732,25,LAC
2250,21,LAC
200759,15,NOP
78153,4,NYK
78154,6,BOS
203613,14,SAS
1628424,23,MEM
1489,22,SAC
1750,32,ORL
1630250,19,CHI
1629014,4,BOS
54,8,CHI
202067,20,HOU
1642354,25,CHA
78157,44,DET
1630285,9,DET
1591,19,PHX
78160,12,ATL
2321,17,PHX
78139,45,GSW
78140,14,PHI
202713,15,DET
201606,44,CHA
202698,31,WAS
101189,3,LAC
78162,26,NYK
78163,5,DET
78164,52,DAL
203491,34,DET
1631376,null,BOS
101,5,ORL
78167,30,BKN
1730,8,LAC
78168,22,OKC
78169,20,LAL
78170,34,WAS
1073,35,TOR
78171,null,BAL
78172,21,IND
1641771,18,IND
2447,8,BKN
202388,15,IND
78173,4,CHI
101166,10,TOR
78174,7,DAL
1629346,6,GSW
1630606,15,ORL
78175,3,SAS
203935,36,LAL
78176,null,BOM
78177,37,DET
78178,10,SAC
78207,43,POR
78209,null,NYK
78202,7,CLE
78203,21,LAL
1627784,7,DAL
78159,11,SAC
1630579,00,MIL
78161,20,SAS
78181,22,GSW
200783,83,MIN
78182,null,BOM
78183,43,LAC
78185,null,LAL
2764,15,ATL
475,34,DAL
1630696,12,MIA
78187,14,NYK
78188,3,LAL
78189,33,BOS
78190,4,MIL
202962,4,HOU
202397,14,CHA
2747,21,DEN
1630188,25,CHI
201160,14,NOP
202536,28,BKN
78191,32,LAC
693,1,MIN
2746,5,ATL
78192,11,MIL
181,30,HOU
78194,34,WAS
78195,2,GSW
1910,35,ATL
63,34,SAC
78197,null,BOS
2065,40,WAS
202701,4,POR
78198,32,ORL
78199,20,GSW
78200,7,LAC
78201,54,POR
78204,10,DEN
78179,null,BOS
1814,3,MIN
203147,0,NYK
1478,1,DAL
1631173,23,PHI
1641890,21,HOU
78208,11,CLE
1629015,5,PHI
1631095,10,HOU
1641733,20,LAL
22,45,IND
1091,55,LAL
78212,null,BAL
1630270,19,CHA
203503,21,NOP
727,20,PHI
78213,11,OKC
2745,30,NOP
78215,14,CHI
78216,17,NYK
1631110,10,SAS
78217,40,ATL
78241,44,IND
317,9,NYK
78243,30,CHI
203917,13,BOS
78244,13,SAC
78245,15,POR
1099,6,CHI
1735,11,MIA
203474,20,MIL
78247,7-11,IND
78249,15,ATL
1086,23,MEM
202362,6,IND
1627293,35,LAC
78250,7,SAC
78251,34,GSW
78205,28,CHI
120,8,ATL
200848,null,PHI
1630597,18,DAL
78253,40,WAS
1529,41,PHI
1125,23,WAS
1565,44,TOR
78256,22,ATL
201880,34,MIN
78257,40,IND
179,23,DEN
78259,17,NYK
78260,8,NYK
78261,11,PHX
204065,5,LAL
304,12,UTA
978,16,SAC
1055,40,TOR
78264,41,PHI
203950,1,MEM
600016,12,SAC
78266,null,DEF
1627754,0,LAC
202933,32,DEN
2852,20,MIL
757,3,POR
101136,20,ATL
78267,23,PHX
201199,8,PHX
78268,16,DET
1631124,3,DEN
78269,34,POR
1065,20,DAL
1110,30,MIA
393,1,POR
78270,16,WAS
78271,25,MIL
1630205,8,MEM
78252,20,SAC
2052,92,WAS
78275,13,BOS
78276,7,NYK
1630591,4,ORL
78277,40,CLE
203096,7,BOS
201969,35,DET
1628410,4,CHA
78654,51,LAC
201180,9,LAL
78278,18,ATL
1743,14,IND
78279,20,SAS
682,3,CLE
78280,6,ATL
78281,2,SAC
357,20,CHA
78283,16,BOS
1628403,50,POR
78284,12,SAC
78285,12,BOS
2552,50,NYK
1631306,21,IND
2741,31,OKC
2031,4,MEM
78286,4,PHX
1628591,null,WAS
202377,19,ATL
78287,null,CHS
1626208,28,IND
1132,54,BOS
1136,43,BOS
440,55,TOR
2657,1,PHX
101147,21,GSW
78291,6,NYK
78273,10,DAL
78274,42,HOU
1629622,1,CLE
204002,40,ATL
78295,3,MIA
78296,14,LAC
101182,21,WAS
78298,23,PHX
1627819,22,ATL
78297,24,BKN
78299,null,HOU
203106,44,CHA
201966,8,HOU
1511,23,DEN
78301,44,GSW
1508,2,HOU
201446,4,LAC
78302,null,DEN
1630678,32,SAC
203116,41,BKN
78303,8,NYK
78304,10,GSW
201952,5,ATL
203104,20,CHI
203141,35,BKN
202066,17,TOR
1628462,4,LAC
78305,34,PHX
1629123,3,MIN
78307,12,WAS
78306,12,MIL
78308,12,ATL
1631207,7,CHI
1629150,10,PHX
1891,3,DAL
1630179,3,MEM
1630257,15,MEM
201934,34,MEM
78293,42,DAL
1630256,8,HOU
1628369,0,BOS
78313,23,DET
78314,45,BOS
1630271,97,SAC
1630560,24,BKN
78316,14,DET
2041,36,WAS
78317,30,LAL
202738,4,PHX
78318,11,DET
1975,5,BKN
2839,null,PHI
78320,20,IND
78321,40,PHX
1519,41,TOR
1903,9,HOU
1629017,13,DET
703,40,NYK
202498,42,NYK
202952,22,PHI
1629744,21,CHI
78322,50,DET
1501,7,MIL
200748,12,CHI
202717,33,LAC
1641708,1,HOU
1641709,9,DET
78323,25,PHX
1631,55,MIA
240,6,ORL
78325,25,DAL
78326,33,DEN
101159,null,PHX
78327,24,MIL
203138,31,PHI
78328,5,BOS
202386,18,BKN
78310,24,CHI
78311,7,GSW
78312,9,DET
202814,21,CLE
78332,44,CLE
78333,5,SAC
202684,13,CLE
1630550,21,WAS
78335,44,OKC
201154,23,LAC
738,34,PHI
9,2,LAL
600001,42,GSW
78340,null,PRO
1629680,4,POR
78341,null,BAL
78342,41,SAC
1629681,35,MEM
78343,22,GSW
1630214,26,BOS
78344," ",WAS
2224,6,IND
47,23,SAC
1627861,10,CHA
78346,19,ATL
78348,44,OKC
78347,39,GSW
201229,43,DET
78349,20,OKC
78350,45,HOU
78351,22,PHI
78353,null,PRO
342,5,UTA
78355,null,DN
78356,3,PHI
202691,31,DAL
78,41,SAC
78331,43,POR
78358,34,ATL
2351,18,HOU
1629308,95,SAC
78359,9,INO
78360,20,DET
1626253,66,DEN
78361,13,DEN
700,51,LAC
78363,null,BAL
78364,2,POR
1626157,32,NYK
78365,11,GSW
1642422,94,LAL
78366,31,DET
78367,31,HOU
1631247,33,CLE
1714,32,CLE
718,20,MIN
1629018,5,MIL
2244,4,DEN
78651,12,WAS
1629019,14,NYK
78368,28,DET
78369,7,DET
2456,14,MEM
2054,25,PHX
78370,26,ATL
1631131,34,UTA
78371,20,BOS
201169,29,PHX
141,21,WAS
78374,17,PHI
1629730,59,MIL
78375,6,NYK
101142,32,LAL
1631210,00,ATL
1630167,1,IND
78357,null,WAS
78378,21,DEN
202323,1,PHI
78379,9,SAC
78380,16,NYK
78382,null,WAS
78381,31,ORL
1819,40,HOU
1626167,3,MIL
1943,5,BOS
78386,50,CLE
78387,13,POR
78388,27,SAC
189,1,PHI
202719,4,GSW
78390,41,DET
78391,14,NYK
1641816,5,DEN
1642281,20,CLE
202775,1,WAS
202327,33,MIL
2137,3,SAS
101146,1,TOR
1627755,8,PHX
1630649,17,SAS
78392,41,WAS
78393,null,BAL
78394,5,DAL
202685,17,DEN
78395,1,POR
1627756,45,UTA
78396,42,DEN
78397,33,ATL
78398,5,PHX
78399,4,SAC
78401,17,NYK
2045,15,ORL
78377,1,WAS
78385,34,GSW
1627832,5,HOU
78402,11,CHS
78403,25,LAC
1629020,2,LAL
78405,18,NYK
78404,55,DEN
78407,30,PHX
2128,22,WAS
2237,50,DET
202363,40,PHI
202349,21,NOP
1630170,24,SAS
78409,10,ATL
710,42,ORL
1521,11,UTA
1626173,20,MIL
78411,17,BOS
919,35,LAC
78413,17,POR
78414,50,POR
202686,24,WAS
78415,2,MIN
1628426,7,SAC
78416,31,DAL
101111,3,DET
1629216,7,LAL
78418,3,DAL
78417,11,ORL
200790,11,NOP
1844,11,OKC
78419,54,CLE
78420,null,DN
78421,8,ATL
78422,null,BAL
203943,32,BOS
89,31,LAL
1496,2,BKN
78406,4,CHI
2761,4,NOP
2756,18,LAL
1641774,00,WAS
202696,9,CHI
1629731,32,CLE
2548,3,MIA
78426,10,GSW
101144,1,HOU
78427,17,DET
2402,2,CLE
78428,null,SHE
1630532,22,ORL
78429,25,LAL
1629021,21,ORL
1630688,12,PHX
203079,18,CLE
78430,31,IND
78431,15,DET
78432,41,PHX
78433,41,UTA
952,24,BOS
78434,13,BAL
78437,20,WAS
78436,1,CLE
1631133,33,PHI
1641716,5,IND
78439,24,DET
202689,8,DAL
78440,15,NYK
1630640,21,PHX
78441,20,WAS
955,52,LAL
78442,42,OKC
1629022,16,PHI
202322,1,LAC
78423,20,OKC
1037,11,LAC
78425,52,UTA
78443,null,HUS
739,30,POR
1627820,9,LAC
78444,16-34,ATL
78445,15,BKN
78446,20,GSW
1641775,27,BOS
101190,null,MIA
1642266,14,TOR
777,23,BKN
78447,5,INO
78448," ",ATL
78450,32,POR
78449,11  12,MIL
2575,4,LAL
1628476,14,DET
202954,9,WAS
78453,9,SAC
369,17,NYK
78455,6,CHI
78456,15,SAS
203810,17,PHI
78457,27,SAC
1642276,7,MIA
78458,33,PHI
78459,23,GSW
78460,20-30,MIL
1627866,32,DAL
78461,null,CLE
203933,24,NYK
202378,13,LAC
78462,12,WAS
101124,21,MEM
78463,50,GSW
1627395,4,MEM
1630273,null,ORL
1641717,22,OKC
2222,45,CHA
961,22,TOR
1540,14,DEN
78466,12,ATL
78467,3,LAL
1629023,25,DAL
78468,31,SAC
78470,20,WAS
78471,42,BKN
1630613,1,CHA
1631102,14,LAC
1629139,18,MEM
1629682,51,WAS
1630322,43,SAS
1630570,12,PHI
201208,31,SAC
1641817,28,LAL
201228,32,GSW
320,15,UTA
1631212,8,DEN
78474,12,BOS
78473,00,OKC
203146,2,PHI
204033,31,SAC
204037,21,NYK
221,30,PHI
78475,12,WAS
1629683,15,GSW
201602,5,OKC
78477,10,MIL
78478,41,BOS
892,4,ATL
1627821,0,BKN
185,4,SAC
1627362,3,HOU
78479,null,PRO
1067,42,WAS
200827,35,SAS
78464,10,BKN
78465,31,BKN
78483,null,JET
78484,25,SAS
78485,8,CHI
78486,26,BOS
1719,24,POR
1528,35,DAL
1642377,0,MEM
78488,30,HOU
78489,23,WAS
1846,40,PHI
2412,44,BOS
1629118,45,DEN
1641705,1,SAS
82,34,CHI
438,41,DEN
78494,null,CLR
1631104,1,POR
133,4,CHA
78495,21,SAC
2561,3,NOP
2753,13,BOS
28,2,MIN
78497,44,LAL
201238,6,ATL
770,41,PHX
78499,15,WAS
201566,18,SAC
78500,44,PHX
78501,25,ATL
101156,54,UTA
941,1,CHI
1545,6,MEM
78504,11,IND
1755,5,DEN
78506,5,BOS
1629632,0,CHI
78482,8,SAC
201603,24,TOR
78509,23,GSW
1631298,10,OKC
1751,55,WAS
200778,4,NYK
78510,10,BOS
1627855,15,WAS
2206,3,DEN
78512,22,LAC
203091,30,SAC
78513,10,HOU
202358,23,PHX
78515,10,DEN
1628510,4,ATL
1641727,0,BKN
1627785,12,BKN
78516,6,GSW
1126,20,TOR
202355,21,UTA
730,23,TOR
1641715,1,WAS
78519,43,SAC
43,12,WAS
204222,3,DEN
203963,42,IND
78520,21,POR
78521,17,ATL
78522,71,SAC
1630580,11,DAL
1630598,21,OKC
203952,22,MIA
78523,23,HOU
1629623,28,MIL
78524,9,CHI
203912,23,LAC
2404,44,LAC
1628401,9,BOS
78507,12,LAC
78508,34,ATL
78528,11,DAL
78529,41,SAC
78530,19,ATL
78531,33,DEN
78532,52,LAL
78533,34,CHI
2863,8,OKC
1122,21,ATL
78534,55,NYK
78537,45,UTA
78538,38,LAC
2366,29,OKC
1425,34,BKN
1626210,15,PHX
1631214,15,WAS
1541,20,TOR
78539,7,BOS
78540,35,HOU
78564,33,LAL
1585,17,GSW
1630314,10,DAL
433,52,BKN
78547,11,LAC
78541,15,CLE
78543,12,DET
1642262,5,UTA
101258,12,CHI
101114,31,UTA
202682,3,MIN
78545,20,UTA
1631495,8,GSW
78546,52,PHX
202343,25,PHI
677,null,BOS
2421,30,NYK
78526,12,LAL
1628451,21,BKN
78527,21,LAC
1006,32,IND
73,18,CLE
1631114,8,OKC
1715,44,MEM
101214,31,CLE
2398,22,CHI
1631119,6,OKC
966,31,DET
78554,24,WAS
1629140,19,LAL
202716,20,BKN
200818,30,SAC
1629026,34,OKC
78556,42,OKC
31,43,DAL
101150,6,ATL
1642013,null,TOR
200766,5,BKN
201173,2,LAC
1631109,15,PHX
101107,20,ATL
52,4,MIN
78558,35,SAC
78560,12,OKC
2590,52,MIL
42,5,ORL
78561,33,SAC
1631466,19,LAL
1630172,44,CHI
78566,31,DEN
78571,13,NYK
199,34,DEN
202130,55,GSW
78563,25,UTA
78565,21,DEN
1629684,2,CHA
78549,1,OKC
78550,34,WAS
201157,56,BKN
1742,3,OKC
200761,3,IND
200749,33,ATL
78570,35,NYK
1576,32,CHA
1627786,19,MEM
1005,42,SAC
78573,25,DET
78574,11  15,BOS
1630533,1,BKN
1629057,35,POR
1628475,12,MIA
1628430,0,UTA
722,34,SAC
78575,23,BKN
1629627,1,NOP
788,45,ATL
78577,34,HOU
2000,9,CHI
78586,12,ATL
78585,7,CHI
1628391,00,ORL
78579,33,PHI
78580,10,DET
1630592,22,BKN
203966,13,LAC
78581,15,BKN
78582,41,POR
78578,2,GSW
78583,42,ATL
78584,15,SAS
78587,17,GSW
1027,30,SAC
1627787,30,HOU
78568,3,MIL
78569,null,GSW
281,42,CHI
78592,3,OKC
766,25,OKC
78596,43,NYK
78597,5,MIL
1626159,26,POR
1984,31,MIL
1630216,5,WAS
1868,50,MIN
78600,32,MIL
78601,11,PHI
78602,42,DEN
1630164,13,IND
203481,24,UTA
1456,14,ATL
78605,20,WAS
78606,15,HOU
341,23,DEN
2106,45,OKC
203489,6,MIL
1631209,21,CHA
78610,4,OKC
78612,null,SHE
1626174,35,LAL
116,7,GSW
78609,33,UTA
78611," ",BKN
1630218,28,OKC
2254,33,MIN
2417,6,POR
1010,10,LAC
78614,2,SAC
78615,0,CHI
1629624,45,HOU
906,3,IND
78616,12,GSW
78590,10,DET
1629685,20,ATL
78591,15,GSW
101120,21,BKN
101152,6,MIN
78620,35,NYK
201148,34,DAL
202874,15,GSW
203203,8,DAL
1626153,0,IND
2748,11,MIA
78621,42,ORL
78622,14,OKC
201153,14,NOP
78623,15,WAS
953,55,MEM
1007,44,UTA
1630589,5,DAL
412,4,PHI
1630593,23,DAL
1629625,3,UTA
203100,5,PHI
78627,12,BOS
1627824,28,NYK
2397,11,HOU
2428,3,DEN
78628,12,DET
78629,35,PHI
78630,55,LAL
201146,9,BKN
78632,43,SAS
1628221,32,IND
78633,20,OKC
203923,13,BOS
1626202,3,IND
1748,45,DET
78634,42,LAC
201156,6,WAS
78617,23,WAS
1897,37,LAL
78618,31,CHI
1629027,3,WAS
1630209,77,UTA
78638,10,CHS
78639,15,GSW
203469,40,NOP
78640,18,SAC
78641,11,WAS
78642,null,PIT
202545,40,PHX
203092,40,BOS
78643,44,IND
1917,15,DAL
678,25,CHA
2583,null,BKN
1627757,33,LAL
1627835,16,CHI
1627790,41,CLE
78647,34,DET
78648,6,MIL
1627826,40,LAC
78650,null,WAS
1641783,23,ORL
1628427,31,DEN
203967,20,SAC
76001,30,POR
76002,54,HOU
76009,42,ORL
203919,3,MEM
1629061,32,CLE
1628386,31,CLE
76042,10,SAS
98,5,ORL
1630828,29,MIL
200756,57,NOP
76063,21,SAC
201970,4,MEM
201152,30,PHX
1937,55,GSW
76105,12,BOS
1642964,23,OKC
1642926,7,DEN
1628966,13,MIN
76123,8,PHX
76124,45,WAS
1627733,35,PHX
1642866,19,MIN
1497,1,DET
76168,7,NYK
1449,33,BOS
76192,18,CHI
76211,32,DET
1920,47,CLE
1642886,14,PHX
76261,33,WAS
76262,15,LAC
1641780,22,PHI
203900,26,BKN
1642868,11,SAS
1934,2,BKN
203493,25,HOU
101198,1,DET
2560,11,GSW
1642928,32,SAC
76342,12,BOS
201956,18,SAC
1630658,14,ORL
76384,43,ATL
2735,1,ATL
1630619,30,DAL
1642383,13,UTA
1628499,3,DAL
1642363,5,SAC
1642270,23,POR
76416,44,ATL
1642846,19,UTA
76084,21,POR
201144,10,MIN
1631451,18,POR
76450,12,ORL
76456,null,DN
1642907,23,MEM
76469,42,DET
203584,30,PHX
76506,10,ATL
707,7,PHI
76520,43,DAL
1626155,8,TOR
76555,3,GSW
1642885,51,NYK
76563,13,DET
1630621,4,NOP
1642265,4,MIN
76594,32,BOS
1542,14,OKC
76616,null,HOU
1090,30,MIN
1642856,8,BKN
1642845,77,PHI
346,32,ATL
76667,15,IND
1642855,24,CHI
201607,22,NOP
201963,88,CLE
1642847,0,NOP
203467,30,CLE
76711,18,LAL
714,40,DAL
1642843,32,DAL
1642853,20,PHX
2228,4,PHX
1762,24,LAC
1626187,21,HOU
202178,1,BKN
76771,12,SAS
1642066,15,MIA
1629232,12,NOP
1642385,8,BKN
209,30,CHA
76835,null,BAL
76855,10,CLE
76860,11,OKC
201980,14,PHI
76885,22,OKC
1631100,14,ATL
76911,4,MIA
76915,25,OKC
903,43,ORL
241,35,CHA
1642844,2,SAS
1733,7,IND
202699,12,DET
76971,10,ATL
203687,38,DET
1630703,00,POR
1642935,24,TOR
77019,32,GSW
77027,18,GSW
203200,9,DEN
1629659,22,CHI
2067,55,MIA
1630624,11,NYK
77096,32,POR
947,3,PHI
77104,2,SAC
1734,6,GSW
1642857,25,MIA
1642355,9,LAL
1642883,4,CHA
24,2,GSW
911,40,MIL
77146,3,WAS
1642848,12,WAS
203130,13,LAL
1642938,1,DEN
1642864,28,BOS
76834,4,LAC
77196,24,BOS
1642357,25,SAS
203126,24,BOS
1630548,9,MIN
1630686,18,OKC
1641750,11,CHA
1642939,14,DAL
77245,34,GSW
351,33,CHI
77290,25,IND
1642851,7,CHA
77299,15,GSW
1627851,91,NYK
2591,52,WAS
1642404,20,DET
77341,31,CHI
968,30,DEN
77366,5,BOS
202732,34,CLE
77389,25,WAS
77406,5,DET
1631126,2,POR
77413,34,WAS
77430,8,ATL
1629133,3,DAL
77438,44,PHX
1642863,10,PHX
77459,7,UTA
1642918,55,TOR
2030,3,DEN
1642942,null,MEM
1643024,30,LAL
201601,12,MIL
1641755,9,NYK
77532,30,PHI
243,2,PHI
1642880,7,IND
203158,5,CLE
77598,null,NYK
201988,88,LAC
77615,34,SAS
202734,55,ORL
202700,28,HOU
297,33,MIA
1642867,12,TOR
1629058,13,BKN
77677,5,GSW
87,55,DEN
77700,19,BOS
1642948,9,DAL
1642947,30,ATL
1642854,14,ATL
200786,34,MIL
77723,15,NYK
203512,92,TOR
77753,null,WAS
77754,31,BKN
1642950,47,CHI
1563,7,PHI
2566,25,POR
77789,4,CLE
77791,17,PHI
202951,1,MEM
77814,17,ATL
203901,4,NOP
1642877,14,NOP
1642869,93,ORL
386,2,PHX
1629617,0,POR
1643007,4,IND
77862,61,SAC
1630197,17,CHA
77878,33,GSW
1642962,4,BKN
77573,22,DET
203097,13,BOS
1642852,22,NOP
1630193,5,TOR
1628504,22,MEM
1642875,42,SAC
77937,31,GSW
77935,12,PHI
77947,null,INO
1642954,3,GSW
1642859,11,ORL
77959,9-17,DET
1642860,27,WAS
122,24,MIL
764,50,SAS
1630526,25,DAL
78012,4,CHS
990,9,SAS
78040,17,GSW
78042,21,OKC
1642282,45,PHI
200798,35,LAC
1642920,4,LAC
2091,15,MIL
1642879,77,BKN
78087,40,OKC
1641813,19,MIL
78115,8,GSW
78133,8,OKC
78653,null,WAT
78138,20,NYK
1642917,44,BOS
201235,44,IND
203156,14,PHI
1642914,10,MEM
1520,7,SAS
203893,2,MEM
1642850,12,OKC
1642878,24,CLE
77891,null,BOM
2405,5,PHX
400,30,ORL
1887,10,MIN
1434,12,CHI
1643141,19,LAC
78309,12,SAC
1642876,1,LAL
1063,30,CLE
78329,35,POR
1630225,14,WAS
1642910,17,UTA
1642260,44,OKC
1642849,88,BKN
1642893,22,GSW
2401,15,DEN
1726,6,MIL
2757,19,SAC
78400,22,BKN
2760,18,CLE
2063,77,PHX
1112,6,DET
1630811,2,ATL
78469,17,CLE
1642364,5,WAS
1628778,1,OKC
101110,9,POR
201591,8,CHA
1839,52,DAL
78525,null,BOM
1642873,77,BOS
203710,12,LAC
78548,20,LAC
78555,44,IND
78567,15,GSW
78589,20,HOU
1630199,2,DET
1641815,24,SAC
78631,11,POR
78635,2,CHI
1642959,3,OKC
78644,41,SAS
1642911,44,MIN
1642365,22,ATL
1630166,8,POR
138,30,MIL
76076,15,LAC
1895,30,MIN
202711,44,NYK
1630527,11,NOP
1629714,5,UTA
76295,12,NYK
76574,5,HOU
957,52,GSW
101153,15,OKC
1642884,50,MIA
201946,50,IND
971,42,SAC
1627863,25,PHI
77148,null,IND
77183,31,MIL
1628994,8,DAL
1627788,30,PHI
950,8,NYK
77475,35,POR
77545,4,LAC
1642862,33,CHA
77630,43,GSW
77880,12,WAS
1627817,55,POR
1630611,15,GSW
2074,55,SAC
201578,5,GSW
1642874,2,BKN
1642905,16,POR
1642949,14,LAC
2216,50,MEM
1629678,25,ORL
2742,13,MIN
201977,15,SAC
1628414,15,LAC
901,52,HOU
2582,29,POR
78481,40,NYK
1631246,5,MEM
78603,44,CLE